num_repetitions,20
data,a9a
n_pca_components,
n_all_train,46842
n_labelled_values,"[2, 3, 4, 5, 6, 7, 8, 9, 10, 11, 12, 13, 14, 15, 16, 17, 18, 19, 20, 21, 22, 23, 24, 25, 26, 27, 28, 29, 30, 31, 32, 33, 34, 35, 36, 37, 38, 39, 40, 41, 42, 43, 44, 45, 46, 2, 3, 4, 5, 6, 7, 8, 9, 10, 11, 12, 13, 14, 15, 16, 17, 18, 19, 20, 21, 22, 23, 24, 25, 26, 27, 28, 29, 30, 31, 32, 33, 34, 35, 36, 37, 38, 39, 40, 41, 42, 43, 44, 45, 46, 2, 3, 4, 5, 6, 7, 8, 9, 10, 11, 12, 13, 14, 15, 16, 17, 18, 19, 20, 21, 22, 23, 24, 25, 26, 27, 28, 29, 30, 31, 32, 33, 34, 35, 36, 37, 38, 39, 40, 41, 42, 43, 44, 45, 46, 2, 3, 4, 5, 6, 7, 8, 9, 10, 11, 12, 13, 14, 15, 16, 17, 18, 19, 20, 21, 22, 23, 24, 25, 26, 27, 28, 29, 30, 31, 32, 33, 34, 35, 36, 37, 38, 39, 40, 41, 42, 43, 44, 45, 46, 2, 3, 4, 5, 6, 7, 8, 9, 10, 11, 12, 13, 14, 15, 16, 17, 18, 19, 20, 21, 22, 23, 24, 25, 26, 27, 28, 29, 30, 31, 32, 33, 34, 35, 36, 37, 38, 39, 40, 41, 42, 43, 44, 45, 46, 2, 3, 4, 5, 6, 7, 8, 9, 10, 11, 12, 13, 14, 15, 16, 17, 18, 19, 20, 21, 22, 23, 24, 25, 26, 27, 28, 29, 30, 31, 32, 33, 34, 35, 36, 37, 38, 39, 40, 41, 42, 43, 44, 45, 46, 2, 3, 4, 5, 6, 7, 8, 9, 10, 11, 12, 13, 14, 15, 16, 17, 18, 19, 20, 21, 22, 23, 24, 25, 26, 27, 28, 29, 30, 31, 32, 33, 34, 35, 36, 37, 38, 39, 40, 41, 42, 43, 44, 45, 46, 2, 3, 4, 5, 6, 7, 8, 9, 10, 11, 12, 13, 14, 15, 16, 17, 18, 19, 20, 21, 22, 23, 24, 25, 26, 27, 28, 29, 30, 31, 32, 33, 34, 35, 36, 37, 38, 39, 40, 41, 42, 43, 44, 45, 46, 2, 3, 4, 5, 6, 7, 8, 9, 10, 11, 12, 13, 14, 15, 16, 17, 18, 19, 20, 21, 22, 23, 24, 25, 26, 27, 28, 29, 30, 31, 32, 33, 34, 35, 36, 37, 38, 39, 40, 41, 42, 43, 44, 45, 46, 2, 3, 4, 5, 6, 7, 8, 9, 10, 11, 12, 13, 14, 15, 16, 17, 18, 19, 20, 21, 22, 23, 24, 25, 26, 27, 28, 29, 30, 31, 32, 33, 34, 35, 36, 37, 38, 39, 40, 41, 42, 43, 44, 45, 46, 2, 3, 4, 5, 6, 7, 8, 9, 10, 11, 12, 13, 14, 15, 16, 17, 18, 19, 20, 21, 22, 23, 24, 25, 26, 27, 28, 29, 30, 31, 32, 33, 34, 35, 36, 37, 38, 39, 40, 41, 42, 43, 44, 45, 46, 2, 3, 4, 5, 6, 7, 8, 9, 10, 11, 12, 13, 14, 15, 16, 17, 18, 19, 20, 21, 22, 23, 24, 25, 26, 27, 28, 29, 30, 31, 32, 33, 34, 35, 36, 37, 38, 39, 40, 41, 42, 43, 44, 45, 46, 2, 3, 4, 5, 6, 7, 8, 9, 10, 11, 12, 13, 14, 15, 16, 17, 18, 19, 20, 21, 22, 23, 24, 25, 26, 27, 28, 29, 30, 31, 32, 33, 34, 35, 36, 37, 38, 39, 40, 41, 42, 43, 44, 45, 46, 2, 3, 4, 5, 6, 7, 8, 9, 10, 11, 12, 13, 14, 15, 16, 17, 18, 19, 20, 21, 22, 23, 24, 25, 26, 27, 28, 29, 30, 31, 32, 33, 34, 35, 36, 37, 38, 39, 40, 41, 42, 43, 44, 45, 46, 2, 3, 4, 5, 6, 7, 8, 9, 10, 11, 12, 13, 14, 15, 16, 17, 18, 19, 20, 21, 22, 23, 24, 25, 26, 27, 28, 29, 30, 31, 32, 33, 34, 35, 36, 37, 38, 39, 40, 41, 42, 43, 44, 45, 46, 2, 3, 4, 5, 6, 7, 8, 9, 10, 11, 12, 13, 14, 15, 16, 17, 18, 19, 20, 21, 22, 23, 24, 25, 26, 27, 28, 29, 30, 31, 32, 33, 34, 35, 36, 37, 38, 39, 40, 41, 42, 43, 44, 45, 46, 2, 3, 4, 5, 6, 7, 8, 9, 10, 11, 12, 13, 14, 15, 16, 17, 18, 19, 20, 21, 22, 23, 24, 25, 26, 27, 28, 29, 30, 31, 32, 33, 34, 35, 36, 37, 38, 39, 40, 41, 42, 43, 44, 45, 46, 2, 3, 4, 5, 6, 7, 8, 9, 10, 11, 12, 13, 14, 15, 16, 17, 18, 19, 20, 21, 22, 23, 24, 25, 26, 27, 28, 29, 30, 31, 32, 33, 34, 35, 36, 37, 38, 39, 40, 41, 42, 43, 44, 45, 46, 2, 3, 4, 5, 6, 7, 8, 9, 10, 11, 12, 13, 14, 15, 16, 17, 18, 19, 20, 21, 22, 23, 24, 25, 26, 27, 28, 29, 30, 31, 32, 33, 34, 35, 36, 37, 38, 39, 40, 41, 42, 43, 44, 45, 46, 2, 3, 4, 5, 6, 7, 8, 9, 10, 11, 12, 13, 14, 15, 16, 17, 18, 19, 20, 21, 22, 23, 24, 25, 26, 27, 28, 29, 30, 31, 32, 33, 34, 35, 36, 37, 38, 39, 40, 41, 42, 43, 44, 45, 46]"
n_unlabelled_values,"[40, 60, 80, 100, 120, 140, 160, 180, 200, 220, 240, 260, 280, 300, 320, 340, 360, 380, 400, 420, 440, 460, 480, 500, 520, 540, 560, 580, 600, 620, 640, 660, 680, 700, 720, 740, 760, 780, 800, 820, 840, 860, 880, 900, 920, 40, 60, 80, 100, 120, 140, 160, 180, 200, 220, 240, 260, 280, 300, 320, 340, 360, 380, 400, 420, 440, 460, 480, 500, 520, 540, 560, 580, 600, 620, 640, 660, 680, 700, 720, 740, 760, 780, 800, 820, 840, 860, 880, 900, 920, 40, 60, 80, 100, 120, 140, 160, 180, 200, 220, 240, 260, 280, 300, 320, 340, 360, 380, 400, 420, 440, 460, 480, 500, 520, 540, 560, 580, 600, 620, 640, 660, 680, 700, 720, 740, 760, 780, 800, 820, 840, 860, 880, 900, 920, 40, 60, 80, 100, 120, 140, 160, 180, 200, 220, 240, 260, 280, 300, 320, 340, 360, 380, 400, 420, 440, 460, 480, 500, 520, 540, 560, 580, 600, 620, 640, 660, 680, 700, 720, 740, 760, 780, 800, 820, 840, 860, 880, 900, 920, 40, 60, 80, 100, 120, 140, 160, 180, 200, 220, 240, 260, 280, 300, 320, 340, 360, 380, 400, 420, 440, 460, 480, 500, 520, 540, 560, 580, 600, 620, 640, 660, 680, 700, 720, 740, 760, 780, 800, 820, 840, 860, 880, 900, 920, 40, 60, 80, 100, 120, 140, 160, 180, 200, 220, 240, 260, 280, 300, 320, 340, 360, 380, 400, 420, 440, 460, 480, 500, 520, 540, 560, 580, 600, 620, 640, 660, 680, 700, 720, 740, 760, 780, 800, 820, 840, 860, 880, 900, 920, 40, 60, 80, 100, 120, 140, 160, 180, 200, 220, 240, 260, 280, 300, 320, 340, 360, 380, 400, 420, 440, 460, 480, 500, 520, 540, 560, 580, 600, 620, 640, 660, 680, 700, 720, 740, 760, 780, 800, 820, 840, 860, 880, 900, 920, 40, 60, 80, 100, 120, 140, 160, 180, 200, 220, 240, 260, 280, 300, 320, 340, 360, 380, 400, 420, 440, 460, 480, 500, 520, 540, 560, 580, 600, 620, 640, 660, 680, 700, 720, 740, 760, 780, 800, 820, 840, 860, 880, 900, 920, 40, 60, 80, 100, 120, 140, 160, 180, 200, 220, 240, 260, 280, 300, 320, 340, 360, 380, 400, 420, 440, 460, 480, 500, 520, 540, 560, 580, 600, 620, 640, 660, 680, 700, 720, 740, 760, 780, 800, 820, 840, 860, 880, 900, 920, 40, 60, 80, 100, 120, 140, 160, 180, 200, 220, 240, 260, 280, 300, 320, 340, 360, 380, 400, 420, 440, 460, 480, 500, 520, 540, 560, 580, 600, 620, 640, 660, 680, 700, 720, 740, 760, 780, 800, 820, 840, 860, 880, 900, 920, 40, 60, 80, 100, 120, 140, 160, 180, 200, 220, 240, 260, 280, 300, 320, 340, 360, 380, 400, 420, 440, 460, 480, 500, 520, 540, 560, 580, 600, 620, 640, 660, 680, 700, 720, 740, 760, 780, 800, 820, 840, 860, 880, 900, 920, 40, 60, 80, 100, 120, 140, 160, 180, 200, 220, 240, 260, 280, 300, 320, 340, 360, 380, 400, 420, 440, 460, 480, 500, 520, 540, 560, 580, 600, 620, 640, 660, 680, 700, 720, 740, 760, 780, 800, 820, 840, 860, 880, 900, 920, 40, 60, 80, 100, 120, 140, 160, 180, 200, 220, 240, 260, 280, 300, 320, 340, 360, 380, 400, 420, 440, 460, 480, 500, 520, 540, 560, 580, 600, 620, 640, 660, 680, 700, 720, 740, 760, 780, 800, 820, 840, 860, 880, 900, 920, 40, 60, 80, 100, 120, 140, 160, 180, 200, 220, 240, 260, 280, 300, 320, 340, 360, 380, 400, 420, 440, 460, 480, 500, 520, 540, 560, 580, 600, 620, 640, 660, 680, 700, 720, 740, 760, 780, 800, 820, 840, 860, 880, 900, 920, 40, 60, 80, 100, 120, 140, 160, 180, 200, 220, 240, 260, 280, 300, 320, 340, 360, 380, 400, 420, 440, 460, 480, 500, 520, 540, 560, 580, 600, 620, 640, 660, 680, 700, 720, 740, 760, 780, 800, 820, 840, 860, 880, 900, 920, 40, 60, 80, 100, 120, 140, 160, 180, 200, 220, 240, 260, 280, 300, 320, 340, 360, 380, 400, 420, 440, 460, 480, 500, 520, 540, 560, 580, 600, 620, 640, 660, 680, 700, 720, 740, 760, 780, 800, 820, 840, 860, 880, 900, 920, 40, 60, 80, 100, 120, 140, 160, 180, 200, 220, 240, 260, 280, 300, 320, 340, 360, 380, 400, 420, 440, 460, 480, 500, 520, 540, 560, 580, 600, 620, 640, 660, 680, 700, 720, 740, 760, 780, 800, 820, 840, 860, 880, 900, 920, 40, 60, 80, 100, 120, 140, 160, 180, 200, 220, 240, 260, 280, 300, 320, 340, 360, 380, 400, 420, 440, 460, 480, 500, 520, 540, 560, 580, 600, 620, 640, 660, 680, 700, 720, 740, 760, 780, 800, 820, 840, 860, 880, 900, 920, 40, 60, 80, 100, 120, 140, 160, 180, 200, 220, 240, 260, 280, 300, 320, 340, 360, 380, 400, 420, 440, 460, 480, 500, 520, 540, 560, 580, 600, 620, 640, 660, 680, 700, 720, 740, 760, 780, 800, 820, 840, 860, 880, 900, 920, 40, 60, 80, 100, 120, 140, 160, 180, 200, 220, 240, 260, 280, 300, 320, 340, 360, 380, 400, 420, 440, 460, 480, 500, 520, 540, 560, 580, 600, 620, 640, 660, 680, 700, 720, 740, 760, 780, 800, 820, 840, 860, 880, 900, 920]"
n_test_set,1000
n_val_set,1000
unl_to_lab_ratio,20
n_labelled,"[2, 3, 4, 5, 6, 7, 8, 9, 10, 11, 12, 13, 14, 15, 16, 17, 18, 19, 20, 21, 22, 23, 24, 25, 26, 27, 28, 29, 30, 31, 32, 33, 34, 35, 36, 37, 38, 39, 40, 41, 42, 43, 44, 45, 46, 2, 3, 4, 5, 6, 7, 8, 9, 10, 11, 12, 13, 14, 15, 16, 17, 18, 19, 20, 21, 22, 23, 24, 25, 26, 27, 28, 29, 30, 31, 32, 33, 34, 35, 36, 37, 38, 39, 40, 41, 42, 43, 44, 45, 46, 2, 3, 4, 5, 6, 7, 8, 9, 10, 11, 12, 13, 14, 15, 16, 17, 18, 19, 20, 21, 22, 23, 24, 25, 26, 27, 28, 29, 30, 31, 32, 33, 34, 35, 36, 37, 38, 39, 40, 41, 42, 43, 44, 45, 46, 2, 3, 4, 5, 6, 7, 8, 9, 10, 11, 12, 13, 14, 15, 16, 17, 18, 19, 20, 21, 22, 23, 24, 25, 26, 27, 28, 29, 30, 31, 32, 33, 34, 35, 36, 37, 38, 39, 40, 41, 42, 43, 44, 45, 46, 2, 3, 4, 5, 6, 7, 8, 9, 10, 11, 12, 13, 14, 15, 16, 17, 18, 19, 20, 21, 22, 23, 24, 25, 26, 27, 28, 29, 30, 31, 32, 33, 34, 35, 36, 37, 38, 39, 40, 41, 42, 43, 44, 45, 46, 2, 3, 4, 5, 6, 7, 8, 9, 10, 11, 12, 13, 14, 15, 16, 17, 18, 19, 20, 21, 22, 23, 24, 25, 26, 27, 28, 29, 30, 31, 32, 33, 34, 35, 36, 37, 38, 39, 40, 41, 42, 43, 44, 45, 46, 2, 3, 4, 5, 6, 7, 8, 9, 10, 11, 12, 13, 14, 15, 16, 17, 18, 19, 20, 21, 22, 23, 24, 25, 26, 27, 28, 29, 30, 31, 32, 33, 34, 35, 36, 37, 38, 39, 40, 41, 42, 43, 44, 45, 46, 2, 3, 4, 5, 6, 7, 8, 9, 10, 11, 12, 13, 14, 15, 16, 17, 18, 19, 20, 21, 22, 23, 24, 25, 26, 27, 28, 29, 30, 31, 32, 33, 34, 35, 36, 37, 38, 39, 40, 41, 42, 43, 44, 45, 46, 2, 3, 4, 5, 6, 7, 8, 9, 10, 11, 12, 13, 14, 15, 16, 17, 18, 19, 20, 21, 22, 23, 24, 25, 26, 27, 28, 29, 30, 31, 32, 33, 34, 35, 36, 37, 38, 39, 40, 41, 42, 43, 44, 45, 46, 2, 3, 4, 5, 6, 7, 8, 9, 10, 11, 12, 13, 14, 15, 16, 17, 18, 19, 20, 21, 22, 23, 24, 25, 26, 27, 28, 29, 30, 31, 32, 33, 34, 35, 36, 37, 38, 39, 40, 41, 42, 43, 44, 45, 46, 2, 3, 4, 5, 6, 7, 8, 9, 10, 11, 12, 13, 14, 15, 16, 17, 18, 19, 20, 21, 22, 23, 24, 25, 26, 27, 28, 29, 30, 31, 32, 33, 34, 35, 36, 37, 38, 39, 40, 41, 42, 43, 44, 45, 46, 2, 3, 4, 5, 6, 7, 8, 9, 10, 11, 12, 13, 14, 15, 16, 17, 18, 19, 20, 21, 22, 23, 24, 25, 26, 27, 28, 29, 30, 31, 32, 33, 34, 35, 36, 37, 38, 39, 40, 41, 42, 43, 44, 45, 46, 2, 3, 4, 5, 6, 7, 8, 9, 10, 11, 12, 13, 14, 15, 16, 17, 18, 19, 20, 21, 22, 23, 24, 25, 26, 27, 28, 29, 30, 31, 32, 33, 34, 35, 36, 37, 38, 39, 40, 41, 42, 43, 44, 45, 46, 2, 3, 4, 5, 6, 7, 8, 9, 10, 11, 12, 13, 14, 15, 16, 17, 18, 19, 20, 21, 22, 23, 24, 25, 26, 27, 28, 29, 30, 31, 32, 33, 34, 35, 36, 37, 38, 39, 40, 41, 42, 43, 44, 45, 46, 2, 3, 4, 5, 6, 7, 8, 9, 10, 11, 12, 13, 14, 15, 16, 17, 18, 19, 20, 21, 22, 23, 24, 25, 26, 27, 28, 29, 30, 31, 32, 33, 34, 35, 36, 37, 38, 39, 40, 41, 42, 43, 44, 45, 46, 2, 3, 4, 5, 6, 7, 8, 9, 10, 11, 12, 13, 14, 15, 16, 17, 18, 19, 20, 21, 22, 23, 24, 25, 26, 27, 28, 29, 30, 31, 32, 33, 34, 35, 36, 37, 38, 39, 40, 41, 42, 43, 44, 45, 46, 2, 3, 4, 5, 6, 7, 8, 9, 10, 11, 12, 13, 14, 15, 16, 17, 18, 19, 20, 21, 22, 23, 24, 25, 26, 27, 28, 29, 30, 31, 32, 33, 34, 35, 36, 37, 38, 39, 40, 41, 42, 43, 44, 45, 46, 2, 3, 4, 5, 6, 7, 8, 9, 10, 11, 12, 13, 14, 15, 16, 17, 18, 19, 20, 21, 22, 23, 24, 25, 26, 27, 28, 29, 30, 31, 32, 33, 34, 35, 36, 37, 38, 39, 40, 41, 42, 43, 44, 45, 46, 2, 3, 4, 5, 6, 7, 8, 9, 10, 11, 12, 13, 14, 15, 16, 17, 18, 19, 20, 21, 22, 23, 24, 25, 26, 27, 28, 29, 30, 31, 32, 33, 34, 35, 36, 37, 38, 39, 40, 41, 42, 43, 44, 45, 46, 2, 3, 4, 5, 6, 7, 8, 9, 10, 11, 12, 13, 14, 15, 16, 17, 18, 19, 20, 21, 22, 23, 24, 25, 26, 27, 28, 29, 30, 31, 32, 33, 34, 35, 36, 37, 38, 39, 40, 41, 42, 43, 44, 45, 46]"
n_unlabelled,"[40, 60, 80, 100, 120, 140, 160, 180, 200, 220, 240, 260, 280, 300, 320, 340, 360, 380, 400, 420, 440, 460, 480, 500, 520, 540, 560, 580, 600, 620, 640, 660, 680, 700, 720, 740, 760, 780, 800, 820, 840, 860, 880, 900, 920, 40, 60, 80, 100, 120, 140, 160, 180, 200, 220, 240, 260, 280, 300, 320, 340, 360, 380, 400, 420, 440, 460, 480, 500, 520, 540, 560, 580, 600, 620, 640, 660, 680, 700, 720, 740, 760, 780, 800, 820, 840, 860, 880, 900, 920, 40, 60, 80, 100, 120, 140, 160, 180, 200, 220, 240, 260, 280, 300, 320, 340, 360, 380, 400, 420, 440, 460, 480, 500, 520, 540, 560, 580, 600, 620, 640, 660, 680, 700, 720, 740, 760, 780, 800, 820, 840, 860, 880, 900, 920, 40, 60, 80, 100, 120, 140, 160, 180, 200, 220, 240, 260, 280, 300, 320, 340, 360, 380, 400, 420, 440, 460, 480, 500, 520, 540, 560, 580, 600, 620, 640, 660, 680, 700, 720, 740, 760, 780, 800, 820, 840, 860, 880, 900, 920, 40, 60, 80, 100, 120, 140, 160, 180, 200, 220, 240, 260, 280, 300, 320, 340, 360, 380, 400, 420, 440, 460, 480, 500, 520, 540, 560, 580, 600, 620, 640, 660, 680, 700, 720, 740, 760, 780, 800, 820, 840, 860, 880, 900, 920, 40, 60, 80, 100, 120, 140, 160, 180, 200, 220, 240, 260, 280, 300, 320, 340, 360, 380, 400, 420, 440, 460, 480, 500, 520, 540, 560, 580, 600, 620, 640, 660, 680, 700, 720, 740, 760, 780, 800, 820, 840, 860, 880, 900, 920, 40, 60, 80, 100, 120, 140, 160, 180, 200, 220, 240, 260, 280, 300, 320, 340, 360, 380, 400, 420, 440, 460, 480, 500, 520, 540, 560, 580, 600, 620, 640, 660, 680, 700, 720, 740, 760, 780, 800, 820, 840, 860, 880, 900, 920, 40, 60, 80, 100, 120, 140, 160, 180, 200, 220, 240, 260, 280, 300, 320, 340, 360, 380, 400, 420, 440, 460, 480, 500, 520, 540, 560, 580, 600, 620, 640, 660, 680, 700, 720, 740, 760, 780, 800, 820, 840, 860, 880, 900, 920, 40, 60, 80, 100, 120, 140, 160, 180, 200, 220, 240, 260, 280, 300, 320, 340, 360, 380, 400, 420, 440, 460, 480, 500, 520, 540, 560, 580, 600, 620, 640, 660, 680, 700, 720, 740, 760, 780, 800, 820, 840, 860, 880, 900, 920, 40, 60, 80, 100, 120, 140, 160, 180, 200, 220, 240, 260, 280, 300, 320, 340, 360, 380, 400, 420, 440, 460, 480, 500, 520, 540, 560, 580, 600, 620, 640, 660, 680, 700, 720, 740, 760, 780, 800, 820, 840, 860, 880, 900, 920, 40, 60, 80, 100, 120, 140, 160, 180, 200, 220, 240, 260, 280, 300, 320, 340, 360, 380, 400, 420, 440, 460, 480, 500, 520, 540, 560, 580, 600, 620, 640, 660, 680, 700, 720, 740, 760, 780, 800, 820, 840, 860, 880, 900, 920, 40, 60, 80, 100, 120, 140, 160, 180, 200, 220, 240, 260, 280, 300, 320, 340, 360, 380, 400, 420, 440, 460, 480, 500, 520, 540, 560, 580, 600, 620, 640, 660, 680, 700, 720, 740, 760, 780, 800, 820, 840, 860, 880, 900, 920, 40, 60, 80, 100, 120, 140, 160, 180, 200, 220, 240, 260, 280, 300, 320, 340, 360, 380, 400, 420, 440, 460, 480, 500, 520, 540, 560, 580, 600, 620, 640, 660, 680, 700, 720, 740, 760, 780, 800, 820, 840, 860, 880, 900, 920, 40, 60, 80, 100, 120, 140, 160, 180, 200, 220, 240, 260, 280, 300, 320, 340, 360, 380, 400, 420, 440, 460, 480, 500, 520, 540, 560, 580, 600, 620, 640, 660, 680, 700, 720, 740, 760, 780, 800, 820, 840, 860, 880, 900, 920, 40, 60, 80, 100, 120, 140, 160, 180, 200, 220, 240, 260, 280, 300, 320, 340, 360, 380, 400, 420, 440, 460, 480, 500, 520, 540, 560, 580, 600, 620, 640, 660, 680, 700, 720, 740, 760, 780, 800, 820, 840, 860, 880, 900, 920, 40, 60, 80, 100, 120, 140, 160, 180, 200, 220, 240, 260, 280, 300, 320, 340, 360, 380, 400, 420, 440, 460, 480, 500, 520, 540, 560, 580, 600, 620, 640, 660, 680, 700, 720, 740, 760, 780, 800, 820, 840, 860, 880, 900, 920, 40, 60, 80, 100, 120, 140, 160, 180, 200, 220, 240, 260, 280, 300, 320, 340, 360, 380, 400, 420, 440, 460, 480, 500, 520, 540, 560, 580, 600, 620, 640, 660, 680, 700, 720, 740, 760, 780, 800, 820, 840, 860, 880, 900, 920, 40, 60, 80, 100, 120, 140, 160, 180, 200, 220, 240, 260, 280, 300, 320, 340, 360, 380, 400, 420, 440, 460, 480, 500, 520, 540, 560, 580, 600, 620, 640, 660, 680, 700, 720, 740, 760, 780, 800, 820, 840, 860, 880, 900, 920, 40, 60, 80, 100, 120, 140, 160, 180, 200, 220, 240, 260, 280, 300, 320, 340, 360, 380, 400, 420, 440, 460, 480, 500, 520, 540, 560, 580, 600, 620, 640, 660, 680, 700, 720, 740, 760, 780, 800, 820, 840, 860, 880, 900, 920, 40, 60, 80, 100, 120, 140, 160, 180, 200, 220, 240, 260, 280, 300, 320, 340, 360, 380, 400, 420, 440, 460, 480, 500, 520, 540, 560, 580, 600, 620, 640, 660, 680, 700, 720, 740, 760, 780, 800, 820, 840, 860, 880, 900, 920]"
sl_acc,"[0.744, 0.756, 0.756, 0.756, 0.754, 0.757, 0.757, 0.757, 0.757, 0.757, 0.757, 0.757, 0.757, 0.757, 0.757, 0.757, 0.778, 0.769, 0.77, 0.771, 0.784, 0.777, 0.771, 0.773, 0.767, 0.766, 0.783, 0.783, 0.785, 0.789, 0.785, 0.788, 0.786, 0.786, 0.791, 0.791, 0.795, 0.795, 0.795, 0.804, 0.803, 0.803, 0.806, 0.807, 0.807, 0.279, 0.748, 0.751, 0.751, 0.755, 0.754, 0.754, 0.754, 0.754, 0.754, 0.754, 0.763, 0.763, 0.763, 0.762, 0.759, 0.759, 0.758, 0.758, 0.757, 0.766, 0.766, 0.766, 0.766, 0.765, 0.765, 0.768, 0.768, 0.768, 0.767, 0.767, 0.775, 0.786, 0.784, 0.783, 0.772, 0.779, 0.777, 0.778, 0.777, 0.777, 0.778, 0.778, 0.779, 0.78, 0.38, 0.254, 0.45, 0.756, 0.756, 0.759, 0.756, 0.787, 0.786, 0.78, 0.772, 0.781, 0.791, 0.795, 0.795, 0.791, 0.806, 0.805, 0.788, 0.801, 0.776, 0.773, 0.774, 0.774, 0.775, 0.785, 0.785, 0.783, 0.789, 0.793, 0.793, 0.794, 0.781, 0.78, 0.784, 0.791, 0.794, 0.795, 0.803, 0.802, 0.803, 0.81, 0.815, 0.82, 0.817, 0.286, 0.756, 0.755, 0.756, 0.756, 0.756, 0.776, 0.777, 0.782, 0.794, 0.798, 0.802, 0.802, 0.794, 0.788, 0.799, 0.785, 0.794, 0.791, 0.788, 0.814, 0.816, 0.823, 0.822, 0.816, 0.821, 0.815, 0.81, 0.806, 0.808, 0.809, 0.813, 0.803, 0.804, 0.807, 0.807, 0.807, 0.816, 0.811, 0.811, 0.809, 0.796, 0.794, 0.816, 0.817, 0.289, 0.756, 0.756, 0.756, 0.756, 0.756, 0.755, 0.757, 0.754, 0.759, 0.749, 0.765, 0.784, 0.782, 0.786, 0.786, 0.779, 0.761, 0.767, 0.761, 0.76, 0.776, 0.766, 0.766, 0.775, 0.765, 0.761, 0.764, 0.764, 0.787, 0.782, 0.775, 0.776, 0.778, 0.782, 0.784, 0.801, 0.811, 0.807, 0.806, 0.801, 0.81, 0.807, 0.801, 0.802, 0.252, 0.756, 0.756, 0.758, 0.756, 0.756, 0.754, 0.767, 0.767, 0.756, 0.781, 0.783, 0.792, 0.783, 0.756, 0.756, 0.756, 0.78, 0.793, 0.796, 0.788, 0.789, 0.784, 0.804, 0.803, 0.806, 0.804, 0.789, 0.797, 0.796, 0.797, 0.796, 0.793, 0.794, 0.795, 0.796, 0.802, 0.808, 0.81, 0.807, 0.805, 0.798, 0.803, 0.802, 0.806, 0.791, 0.5, 0.733, 0.621, 0.65, 0.783, 0.801, 0.784, 0.775, 0.778, 0.779, 0.813, 0.803, 0.802, 0.8, 0.798, 0.797, 0.798, 0.795, 0.792, 0.784, 0.796, 0.79, 0.794, 0.793, 0.791, 0.794, 0.792, 0.796, 0.797, 0.8, 0.801, 0.803, 0.793, 0.8, 0.802, 0.803, 0.803, 0.804, 0.804, 0.815, 0.817, 0.815, 0.816, 0.814, 0.243, 0.791, 0.789, 0.782, 0.785, 0.779, 0.78, 0.773, 0.769, 0.767, 0.767, 0.765, 0.765, 0.766, 0.766, 0.767, 0.767, 0.765, 0.785, 0.779, 0.778, 0.777, 0.777, 0.776, 0.776, 0.776, 0.776, 0.776, 0.776, 0.776, 0.791, 0.793, 0.793, 0.793, 0.793, 0.793, 0.793, 0.789, 0.79, 0.789, 0.79, 0.79, 0.789, 0.79, 0.791, 0.597, 0.756, 0.684, 0.757, 0.685, 0.604, 0.724, 0.763, 0.761, 0.769, 0.717, 0.695, 0.702, 0.755, 0.771, 0.768, 0.757, 0.774, 0.781, 0.772, 0.766, 0.763, 0.771, 0.765, 0.764, 0.746, 0.749, 0.749, 0.753, 0.768, 0.773, 0.77, 0.772, 0.774, 0.779, 0.77, 0.768, 0.77, 0.774, 0.781, 0.785, 0.779, 0.78, 0.774, 0.774, 0.516, 0.759, 0.774, 0.791, 0.773, 0.806, 0.805, 0.807, 0.806, 0.821, 0.822, 0.813, 0.81, 0.82, 0.82, 0.817, 0.817, 0.8, 0.797, 0.795, 0.797, 0.794, 0.79, 0.804, 0.8, 0.798, 0.8, 0.801, 0.799, 0.8, 0.817, 0.822, 0.811, 0.817, 0.8, 0.8, 0.799, 0.798, 0.797, 0.797, 0.796, 0.798, 0.801, 0.804, 0.803, 0.68, 0.756, 0.775, 0.774, 0.771, 0.771, 0.773, 0.773, 0.78, 0.802, 0.804, 0.802, 0.795, 0.801, 0.81, 0.807, 0.807, 0.812, 0.803, 0.804, 0.805, 0.807, 0.808, 0.796, 0.788, 0.787, 0.791, 0.787, 0.797, 0.8, 0.802, 0.802, 0.804, 0.805, 0.807, 0.808, 0.796, 0.8, 0.805, 0.794, 0.794, 0.805, 0.804, 0.82, 0.816, 0.245, 0.756, 0.756, 0.755, 0.754, 0.764, 0.761, 0.753, 0.754, 0.745, 0.781, 0.782, 0.783, 0.784, 0.785, 0.778, 0.778, 0.772, 0.774, 0.769, 0.769, 0.772, 0.768, 0.777, 0.775, 0.775, 0.77, 0.77, 0.768, 0.768, 0.762, 0.763, 0.763, 0.777, 0.775, 0.775, 0.778, 0.781, 0.766, 0.765, 0.768, 0.769, 0.769, 0.771, 0.768, 0.317, 0.261, 0.569, 0.773, 0.788, 0.765, 0.756, 0.777, 0.77, 0.768, 0.756, 0.766, 0.766, 0.761, 0.763, 0.767, 0.771, 0.771, 0.772, 0.771, 0.765, 0.768, 0.768, 0.763, 0.793, 0.795, 0.795, 0.779, 0.789, 0.789, 0.788, 0.788, 0.784, 0.783, 0.785, 0.788, 0.79, 0.789, 0.789, 0.784, 0.784, 0.782, 0.78, 0.781, 0.789, 0.657, 0.804, 0.791, 0.787, 0.756, 0.786, 0.785, 0.778, 0.777, 0.766, 0.761, 0.775, 0.776, 0.767, 0.766, 0.767, 0.768, 0.771, 0.755, 0.756, 0.763, 0.764, 0.773, 0.773, 0.765, 0.765, 0.772, 0.768, 0.766, 0.767, 0.769, 0.772, 0.775, 0.771, 0.77, 0.77, 0.766, 0.766, 0.768, 0.767, 0.767, 0.768, 0.768, 0.767, 0.776, 0.467, 0.292, 0.735, 0.751, 0.752, 0.757, 0.76, 0.76, 0.747, 0.757, 0.746, 0.748, 0.756, 0.754, 0.759, 0.748, 0.749, 0.75, 0.761, 0.756, 0.755, 0.756, 0.756, 0.756, 0.757, 0.757, 0.758, 0.761, 0.756, 0.759, 0.762, 0.76, 0.769, 0.77, 0.77, 0.77, 0.769, 0.769, 0.769, 0.769, 0.769, 0.769, 0.773, 0.784, 0.792, 0.288, 0.789, 0.792, 0.784, 0.794, 0.786, 0.791, 0.784, 0.784, 0.776, 0.782, 0.783, 0.778, 0.782, 0.781, 0.764, 0.771, 0.771, 0.77, 0.768, 0.77, 0.769, 0.774, 0.775, 0.777, 0.777, 0.778, 0.792, 0.79, 0.79, 0.79, 0.791, 0.788, 0.793, 0.793, 0.792, 0.793, 0.795, 0.8, 0.796, 0.798, 0.796, 0.796, 0.797, 0.795, 0.618, 0.756, 0.756, 0.753, 0.753, 0.754, 0.754, 0.754, 0.754, 0.753, 0.756, 0.756, 0.756, 0.756, 0.756, 0.756, 0.756, 0.758, 0.758, 0.758, 0.768, 0.767, 0.767, 0.769, 0.772, 0.774, 0.774, 0.774, 0.777, 0.775, 0.775, 0.775, 0.776, 0.775, 0.775, 0.766, 0.769, 0.768, 0.767, 0.768, 0.767, 0.767, 0.78, 0.78, 0.77, 0.74, 0.756, 0.756, 0.756, 0.756, 0.756, 0.756, 0.756, 0.756, 0.746, 0.753, 0.748, 0.756, 0.756, 0.756, 0.764, 0.755, 0.753, 0.746, 0.753, 0.752, 0.754, 0.732, 0.743, 0.749, 0.751, 0.756, 0.75, 0.752, 0.75, 0.756, 0.756, 0.756, 0.756, 0.754, 0.757, 0.756, 0.756, 0.756, 0.756, 0.756, 0.754, 0.756, 0.756, 0.749, 0.706, 0.756, 0.756, 0.756, 0.756, 0.756, 0.756, 0.756, 0.759, 0.751, 0.756, 0.756, 0.757, 0.756, 0.756, 0.756, 0.76, 0.762, 0.762, 0.76, 0.767, 0.766, 0.77, 0.77, 0.769, 0.769, 0.765, 0.764, 0.765, 0.759, 0.759, 0.76, 0.761, 0.761, 0.784, 0.788, 0.79, 0.803, 0.802, 0.8, 0.8, 0.8, 0.8, 0.8, 0.799, 0.754, 0.76, 0.76, 0.759, 0.758, 0.758, 0.758, 0.763, 0.762, 0.766, 0.762, 0.765, 0.76, 0.764, 0.763, 0.769, 0.77, 0.774, 0.771, 0.755, 0.761, 0.759, 0.747, 0.758, 0.758, 0.757, 0.748, 0.746, 0.744, 0.745, 0.746, 0.747, 0.75, 0.749, 0.751, 0.748, 0.76, 0.752, 0.763, 0.762, 0.757, 0.757, 0.759, 0.761, 0.762]"
ssl_acc,"[0.724, 0.752, 0.752, 0.752, 0.753, 0.752, 0.752, 0.752, 0.753, 0.764, 0.752, 0.752, 0.752, 0.752, 0.752, 0.752, 0.768, 0.754, 0.767, 0.761, 0.762, 0.763, 0.759, 0.76, 0.757, 0.757, 0.764, 0.765, 0.764, 0.782, 0.776, 0.776, 0.774, 0.777, 0.783, 0.783, 0.791, 0.793, 0.794, 0.804, 0.799, 0.803, 0.803, 0.808, 0.807, 0.567, 0.757, 0.758, 0.761, 0.756, 0.767, 0.756, 0.759, 0.756, 0.756, 0.755, 0.767, 0.768, 0.767, 0.767, 0.766, 0.795, 0.771, 0.772, 0.773, 0.807, 0.772, 0.771, 0.771, 0.769, 0.77, 0.771, 0.771, 0.771, 0.771, 0.772, 0.783, 0.803, 0.809, 0.8, 0.809, 0.801, 0.803, 0.803, 0.804, 0.804, 0.805, 0.805, 0.818, 0.809, 0.688, 0.62, 0.59, 0.752, 0.752, 0.756, 0.752, 0.755, 0.758, 0.768, 0.764, 0.761, 0.771, 0.771, 0.773, 0.785, 0.791, 0.782, 0.781, 0.792, 0.78, 0.78, 0.779, 0.779, 0.779, 0.781, 0.783, 0.783, 0.786, 0.787, 0.79, 0.79, 0.793, 0.792, 0.792, 0.787, 0.785, 0.785, 0.798, 0.799, 0.798, 0.811, 0.807, 0.812, 0.811, 0.548, 0.752, 0.754, 0.754, 0.753, 0.76, 0.793, 0.784, 0.791, 0.789, 0.791, 0.792, 0.788, 0.803, 0.79, 0.803, 0.802, 0.787, 0.787, 0.788, 0.803, 0.813, 0.815, 0.81, 0.81, 0.819, 0.81, 0.818, 0.805, 0.808, 0.807, 0.809, 0.806, 0.806, 0.809, 0.807, 0.806, 0.813, 0.81, 0.807, 0.801, 0.802, 0.8, 0.805, 0.804, 0.503, 0.753, 0.753, 0.757, 0.76, 0.759, 0.76, 0.759, 0.757, 0.755, 0.756, 0.761, 0.765, 0.767, 0.768, 0.774, 0.783, 0.763, 0.761, 0.764, 0.762, 0.777, 0.77, 0.764, 0.775, 0.769, 0.769, 0.771, 0.774, 0.802, 0.785, 0.784, 0.786, 0.785, 0.783, 0.783, 0.793, 0.8, 0.794, 0.791, 0.794, 0.797, 0.795, 0.794, 0.795, 0.544, 0.752, 0.754, 0.754, 0.752, 0.752, 0.754, 0.763, 0.757, 0.777, 0.757, 0.762, 0.766, 0.786, 0.752, 0.752, 0.777, 0.756, 0.763, 0.767, 0.766, 0.773, 0.765, 0.781, 0.78, 0.782, 0.78, 0.761, 0.765, 0.77, 0.774, 0.776, 0.767, 0.769, 0.766, 0.764, 0.773, 0.78, 0.78, 0.771, 0.772, 0.78, 0.776, 0.783, 0.786, 0.781, 0.584, 0.735, 0.648, 0.668, 0.795, 0.796, 0.804, 0.796, 0.795, 0.799, 0.804, 0.795, 0.791, 0.803, 0.793, 0.792, 0.788, 0.786, 0.787, 0.788, 0.791, 0.79, 0.784, 0.782, 0.783, 0.786, 0.781, 0.79, 0.776, 0.789, 0.793, 0.791, 0.786, 0.797, 0.809, 0.797, 0.796, 0.793, 0.793, 0.796, 0.794, 0.796, 0.803, 0.802, 0.591, 0.797, 0.792, 0.789, 0.785, 0.802, 0.798, 0.772, 0.801, 0.765, 0.765, 0.765, 0.805, 0.765, 0.772, 0.785, 0.779, 0.797, 0.792, 0.791, 0.792, 0.789, 0.792, 0.791, 0.792, 0.793, 0.791, 0.798, 0.79, 0.789, 0.809, 0.807, 0.817, 0.81, 0.81, 0.808, 0.809, 0.812, 0.812, 0.804, 0.805, 0.807, 0.812, 0.798, 0.807, 0.615, 0.757, 0.69, 0.773, 0.687, 0.677, 0.719, 0.778, 0.764, 0.77, 0.714, 0.693, 0.72, 0.773, 0.77, 0.777, 0.769, 0.776, 0.777, 0.779, 0.779, 0.777, 0.78, 0.784, 0.803, 0.79, 0.783, 0.786, 0.782, 0.786, 0.783, 0.779, 0.781, 0.78, 0.784, 0.783, 0.783, 0.782, 0.787, 0.793, 0.798, 0.79, 0.792, 0.792, 0.791, 0.511, 0.765, 0.78, 0.782, 0.776, 0.8, 0.805, 0.798, 0.794, 0.806, 0.81, 0.802, 0.802, 0.803, 0.805, 0.81, 0.814, 0.792, 0.804, 0.803, 0.788, 0.789, 0.787, 0.798, 0.798, 0.795, 0.796, 0.793, 0.793, 0.791, 0.797, 0.798, 0.796, 0.8, 0.794, 0.804, 0.799, 0.796, 0.803, 0.801, 0.803, 0.804, 0.804, 0.801, 0.802, 0.643, 0.754, 0.765, 0.774, 0.783, 0.763, 0.762, 0.759, 0.769, 0.804, 0.788, 0.792, 0.794, 0.802, 0.793, 0.791, 0.79, 0.788, 0.788, 0.787, 0.786, 0.793, 0.805, 0.783, 0.776, 0.78, 0.783, 0.782, 0.788, 0.792, 0.795, 0.795, 0.794, 0.793, 0.796, 0.797, 0.792, 0.793, 0.791, 0.788, 0.788, 0.794, 0.794, 0.802, 0.802, 0.559, 0.752, 0.754, 0.754, 0.753, 0.763, 0.758, 0.757, 0.762, 0.758, 0.798, 0.793, 0.792, 0.797, 0.794, 0.792, 0.794, 0.785, 0.794, 0.778, 0.779, 0.777, 0.771, 0.78, 0.782, 0.78, 0.78, 0.78, 0.777, 0.786, 0.774, 0.776, 0.775, 0.787, 0.788, 0.789, 0.797, 0.797, 0.799, 0.804, 0.794, 0.79, 0.792, 0.795, 0.796, 0.669, 0.574, 0.602, 0.757, 0.778, 0.755, 0.755, 0.764, 0.77, 0.756, 0.754, 0.776, 0.769, 0.77, 0.77, 0.765, 0.774, 0.778, 0.785, 0.776, 0.767, 0.769, 0.762, 0.766, 0.782, 0.782, 0.783, 0.781, 0.787, 0.785, 0.799, 0.792, 0.789, 0.789, 0.803, 0.786, 0.8, 0.794, 0.794, 0.795, 0.792, 0.793, 0.791, 0.791, 0.804, 0.678, 0.771, 0.784, 0.76, 0.752, 0.764, 0.769, 0.773, 0.762, 0.764, 0.784, 0.79, 0.766, 0.773, 0.775, 0.778, 0.775, 0.773, 0.769, 0.774, 0.775, 0.776, 0.784, 0.788, 0.775, 0.773, 0.76, 0.769, 0.765, 0.769, 0.769, 0.77, 0.776, 0.774, 0.781, 0.776, 0.777, 0.778, 0.778, 0.778, 0.778, 0.779, 0.777, 0.777, 0.796, 0.627, 0.63, 0.756, 0.763, 0.78, 0.765, 0.767, 0.768, 0.76, 0.76, 0.759, 0.762, 0.771, 0.793, 0.772, 0.771, 0.772, 0.771, 0.775, 0.774, 0.774, 0.774, 0.774, 0.772, 0.776, 0.776, 0.773, 0.786, 0.784, 0.786, 0.786, 0.78, 0.785, 0.787, 0.787, 0.788, 0.787, 0.787, 0.793, 0.788, 0.787, 0.786, 0.796, 0.81, 0.795, 0.583, 0.767, 0.768, 0.769, 0.789, 0.794, 0.796, 0.786, 0.777, 0.771, 0.781, 0.781, 0.778, 0.777, 0.777, 0.782, 0.775, 0.777, 0.785, 0.782, 0.782, 0.783, 0.795, 0.784, 0.784, 0.785, 0.788, 0.792, 0.793, 0.79, 0.784, 0.784, 0.783, 0.795, 0.795, 0.795, 0.792, 0.8, 0.814, 0.802, 0.799, 0.8, 0.8, 0.798, 0.797, 0.611, 0.758, 0.762, 0.758, 0.76, 0.757, 0.755, 0.755, 0.755, 0.755, 0.757, 0.756, 0.757, 0.758, 0.757, 0.758, 0.758, 0.756, 0.765, 0.771, 0.777, 0.779, 0.763, 0.763, 0.776, 0.773, 0.773, 0.775, 0.768, 0.766, 0.767, 0.79, 0.785, 0.784, 0.788, 0.797, 0.776, 0.778, 0.777, 0.775, 0.777, 0.78, 0.776, 0.774, 0.78, 0.779, 0.753, 0.753, 0.753, 0.765, 0.752, 0.758, 0.753, 0.754, 0.756, 0.777, 0.756, 0.752, 0.753, 0.753, 0.76, 0.756, 0.757, 0.756, 0.761, 0.761, 0.759, 0.76, 0.758, 0.759, 0.756, 0.754, 0.757, 0.757, 0.759, 0.752, 0.752, 0.752, 0.752, 0.757, 0.755, 0.753, 0.753, 0.753, 0.753, 0.752, 0.754, 0.752, 0.753, 0.752, 0.669, 0.784, 0.752, 0.752, 0.752, 0.752, 0.768, 0.752, 0.758, 0.754, 0.754, 0.754, 0.752, 0.752, 0.752, 0.752, 0.756, 0.759, 0.76, 0.758, 0.762, 0.762, 0.765, 0.771, 0.764, 0.765, 0.763, 0.76, 0.757, 0.759, 0.76, 0.759, 0.759, 0.759, 0.773, 0.777, 0.787, 0.793, 0.787, 0.784, 0.783, 0.783, 0.786, 0.794, 0.795, 0.769, 0.759, 0.759, 0.757, 0.757, 0.759, 0.761, 0.772, 0.759, 0.767, 0.761, 0.763, 0.761, 0.764, 0.766, 0.781, 0.767, 0.772, 0.792, 0.761, 0.771, 0.771, 0.767, 0.771, 0.771, 0.775, 0.775, 0.768, 0.77, 0.774, 0.774, 0.774, 0.772, 0.768, 0.768, 0.783, 0.77, 0.77, 0.776, 0.775, 0.772, 0.772, 0.773, 0.773, 0.776]"
ul_acc,"[0.617, 0.489, 0.654, 0.578, 0.574, 0.558, 0.569, 0.584, 0.667, 0.664, 0.565, 0.565, 0.591, 0.594, 0.599, 0.48, 0.6, 0.589, 0.509, 0.594, 0.59, 0.483, 0.483, 0.572, 0.59, 0.591, 0.586, 0.6, 0.497, 0.645, 0.613, 0.613, 0.556, 0.576, 0.605, 0.607, 0.551, 0.476, 0.613, 0.533, 0.554, 0.618, 0.623, 0.541, 0.63, 0.543, 0.638, 0.642, 0.605, 0.635, 0.716, 0.641, 0.542, 0.629, 0.651, 0.623, 0.592, 0.595, 0.647, 0.629, 0.536, 0.727, 0.614, 0.601, 0.591, 0.722, 0.595, 0.588, 0.604, 0.587, 0.578, 0.583, 0.573, 0.577, 0.588, 0.583, 0.591, 0.715, 0.634, 0.637, 0.729, 0.594, 0.602, 0.596, 0.599, 0.598, 0.597, 0.6, 0.719, 0.615, 0.708, 0.617, 0.643, 0.672, 0.567, 0.499, 0.528, 0.601, 0.582, 0.506, 0.526, 0.585, 0.592, 0.505, 0.606, 0.613, 0.611, 0.498, 0.549, 0.611, 0.52, 0.614, 0.614, 0.61, 0.609, 0.607, 0.606, 0.61, 0.589, 0.599, 0.598, 0.602, 0.606, 0.605, 0.602, 0.588, 0.592, 0.594, 0.527, 0.601, 0.533, 0.711, 0.598, 0.6, 0.694, 0.539, 0.502, 0.547, 0.598, 0.589, 0.569, 0.705, 0.603, 0.702, 0.609, 0.607, 0.608, 0.605, 0.716, 0.621, 0.617, 0.639, 0.602, 0.594, 0.58, 0.604, 0.612, 0.605, 0.601, 0.597, 0.606, 0.606, 0.552, 0.605, 0.598, 0.62, 0.628, 0.524, 0.61, 0.614, 0.614, 0.635, 0.609, 0.616, 0.601, 0.613, 0.625, 0.617, 0.618, 0.571, 0.489, 0.605, 0.582, 0.54, 0.616, 0.592, 0.522, 0.6, 0.612, 0.576, 0.62, 0.635, 0.645, 0.641, 0.63, 0.621, 0.47, 0.587, 0.618, 0.621, 0.623, 0.653, 0.527, 0.623, 0.622, 0.62, 0.613, 0.611, 0.612, 0.568, 0.608, 0.46, 0.611, 0.607, 0.607, 0.614, 0.621, 0.624, 0.613, 0.608, 0.604, 0.625, 0.57, 0.615, 0.619, 0.54, 0.534, 0.479, 0.523, 0.514, 0.503, 0.536, 0.601, 0.565, 0.542, 0.553, 0.558, 0.56, 0.711, 0.54, 0.582, 0.567, 0.567, 0.537, 0.581, 0.588, 0.723, 0.579, 0.58, 0.516, 0.499, 0.599, 0.588, 0.596, 0.6, 0.59, 0.587, 0.587, 0.585, 0.589, 0.597, 0.599, 0.6, 0.597, 0.603, 0.602, 0.605, 0.607, 0.605, 0.606, 0.553, 0.573, 0.52, 0.594, 0.637, 0.624, 0.608, 0.619, 0.592, 0.582, 0.581, 0.594, 0.535, 0.629, 0.566, 0.628, 0.61, 0.629, 0.624, 0.622, 0.617, 0.601, 0.546, 0.6, 0.602, 0.621, 0.615, 0.615, 0.669, 0.612, 0.614, 0.667, 0.609, 0.676, 0.603, 0.567, 0.608, 0.605, 0.614, 0.656, 0.558, 0.611, 0.609, 0.537, 0.605, 0.633, 0.591, 0.661, 0.511, 0.65, 0.598, 0.618, 0.478, 0.552, 0.644, 0.567, 0.581, 0.549, 0.559, 0.558, 0.634, 0.55, 0.58, 0.573, 0.563, 0.576, 0.531, 0.568, 0.568, 0.569, 0.568, 0.559, 0.726, 0.551, 0.547, 0.546, 0.549, 0.535, 0.55, 0.552, 0.555, 0.556, 0.56, 0.563, 0.558, 0.559, 0.726, 0.59, 0.566, 0.59, 0.546, 0.676, 0.55, 0.54, 0.507, 0.686, 0.558, 0.68, 0.547, 0.561, 0.576, 0.563, 0.581, 0.633, 0.593, 0.599, 0.584, 0.575, 0.526, 0.584, 0.523, 0.577, 0.585, 0.578, 0.626, 0.579, 0.581, 0.589, 0.55, 0.499, 0.576, 0.577, 0.584, 0.579, 0.576, 0.583, 0.578, 0.586, 0.584, 0.58, 0.557, 0.581, 0.582, 0.586, 0.586, 0.528, 0.598, 0.617, 0.639, 0.635, 0.606, 0.515, 0.62, 0.605, 0.613, 0.523, 0.609, 0.617, 0.606, 0.603, 0.603, 0.556, 0.618, 0.555, 0.542, 0.5, 0.617, 0.612, 0.505, 0.598, 0.602, 0.598, 0.598, 0.508, 0.507, 0.592, 0.599, 0.601, 0.596, 0.597, 0.498, 0.597, 0.548, 0.601, 0.551, 0.6, 0.602, 0.601, 0.584, 0.683, 0.531, 0.552, 0.558, 0.678, 0.561, 0.575, 0.625, 0.541, 0.66, 0.508, 0.54, 0.567, 0.555, 0.495, 0.598, 0.621, 0.731, 0.621, 0.495, 0.649, 0.655, 0.648, 0.503, 0.641, 0.64, 0.635, 0.708, 0.633, 0.641, 0.636, 0.564, 0.643, 0.469, 0.647, 0.647, 0.486, 0.66, 0.657, 0.49, 0.654, 0.657, 0.536, 0.653, 0.653, 0.663, 0.558, 0.557, 0.581, 0.664, 0.58, 0.522, 0.529, 0.557, 0.554, 0.533, 0.598, 0.577, 0.579, 0.541, 0.532, 0.58, 0.577, 0.582, 0.609, 0.657, 0.595, 0.591, 0.692, 0.595, 0.542, 0.588, 0.598, 0.665, 0.595, 0.666, 0.577, 0.58, 0.579, 0.642, 0.577, 0.646, 0.581, 0.571, 0.674, 0.741, 0.544, 0.583, 0.583, 0.585, 0.577, 0.68, 0.593, 0.559, 0.546, 0.536, 0.588, 0.578, 0.573, 0.557, 0.569, 0.566, 0.577, 0.558, 0.58, 0.578, 0.523, 0.565, 0.553, 0.596, 0.543, 0.615, 0.581, 0.617, 0.614, 0.608, 0.647, 0.564, 0.568, 0.628, 0.582, 0.561, 0.536, 0.602, 0.6, 0.706, 0.606, 0.556, 0.595, 0.604, 0.614, 0.615, 0.614, 0.616, 0.616, 0.537, 0.686, 0.677, 0.609, 0.539, 0.543, 0.568, 0.54, 0.69, 0.566, 0.633, 0.543, 0.532, 0.608, 0.493, 0.608, 0.593, 0.588, 0.644, 0.558, 0.619, 0.572, 0.576, 0.574, 0.568, 0.567, 0.571, 0.726, 0.577, 0.571, 0.574, 0.563, 0.57, 0.552, 0.554, 0.556, 0.554, 0.711, 0.553, 0.553, 0.574, 0.584, 0.581, 0.582, 0.579, 0.515, 0.612, 0.644, 0.551, 0.647, 0.551, 0.661, 0.578, 0.601, 0.599, 0.605, 0.673, 0.602, 0.621, 0.592, 0.653, 0.461, 0.466, 0.603, 0.604, 0.596, 0.492, 0.492, 0.491, 0.647, 0.493, 0.489, 0.49, 0.492, 0.49, 0.49, 0.49, 0.489, 0.488, 0.488, 0.489, 0.49, 0.489, 0.489, 0.684, 0.49, 0.49, 0.634, 0.49, 0.548, 0.608, 0.589, 0.62, 0.521, 0.598, 0.6, 0.606, 0.618, 0.624, 0.564, 0.537, 0.632, 0.645, 0.647, 0.636, 0.623, 0.615, 0.582, 0.526, 0.62, 0.623, 0.612, 0.609, 0.646, 0.613, 0.526, 0.601, 0.601, 0.603, 0.602, 0.604, 0.553, 0.61, 0.612, 0.618, 0.595, 0.61, 0.613, 0.659, 0.726, 0.609, 0.481, 0.613, 0.613, 0.509, 0.614, 0.483, 0.524, 0.59, 0.641, 0.653, 0.629, 0.584, 0.583, 0.584, 0.577, 0.629, 0.592, 0.563, 0.549, 0.683, 0.524, 0.605, 0.605, 0.65, 0.667, 0.613, 0.525, 0.593, 0.584, 0.585, 0.593, 0.584, 0.589, 0.579, 0.609, 0.646, 0.733, 0.545, 0.606, 0.744, 0.714, 0.698, 0.609, 0.599, 0.534, 0.598, 0.507, 0.712, 0.597, 0.599, 0.737, 0.659, 0.624, 0.616, 0.584, 0.617, 0.519, 0.602, 0.609, 0.614, 0.524, 0.604, 0.596, 0.604, 0.578, 0.61, 0.583, 0.598, 0.64, 0.57, 0.564, 0.566, 0.571, 0.562, 0.556, 0.556, 0.542, 0.563, 0.562, 0.57, 0.638, 0.581, 0.573, 0.574, 0.581, 0.578, 0.578, 0.606, 0.597, 0.602, 0.532, 0.603, 0.582, 0.603, 0.604, 0.493, 0.637, 0.5, 0.613, 0.584, 0.545, 0.527, 0.532, 0.666, 0.538, 0.549, 0.56, 0.55, 0.554, 0.578, 0.541, 0.597, 0.6, 0.599, 0.578, 0.576, 0.601, 0.601, 0.633, 0.595, 0.505, 0.583, 0.595, 0.58, 0.599, 0.592, 0.594, 0.592, 0.599, 0.607, 0.607, 0.733, 0.513, 0.614, 0.614, 0.613, 0.609, 0.614, 0.492, 0.632, 0.613, 0.564, 0.537, 0.567, 0.559, 0.691, 0.575, 0.57, 0.609, 0.727, 0.609, 0.612, 0.524, 0.629, 0.629, 0.523, 0.596, 0.586, 0.546, 0.6, 0.591, 0.578, 0.564, 0.584, 0.581, 0.585, 0.571, 0.575, 0.579, 0.575, 0.562, 0.567, 0.565, 0.562, 0.564, 0.594, 0.565, 0.568, 0.555, 0.56, 0.561, 0.561, 0.561, 0.489, 0.698]"
st_acc,"[0.756, 0.756, 0.756, 0.756, 0.756, 0.757, 0.757, 0.747, 0.751, 0.75, 0.755, 0.761, 0.757, 0.757, 0.755, 0.762, 0.78, 0.771, 0.796, 0.794, 0.79, 0.796, 0.79, 0.792, 0.78, 0.781, 0.794, 0.791, 0.793, 0.784, 0.792, 0.789, 0.785, 0.801, 0.798, 0.786, 0.801, 0.792, 0.807, 0.808, 0.806, 0.81, 0.814, 0.818, 0.819, 0.279, 0.756, 0.757, 0.757, 0.757, 0.756, 0.756, 0.756, 0.756, 0.756, 0.756, 0.759, 0.759, 0.758, 0.759, 0.76, 0.761, 0.759, 0.768, 0.766, 0.768, 0.768, 0.768, 0.768, 0.768, 0.768, 0.765, 0.765, 0.765, 0.766, 0.766, 0.767, 0.785, 0.783, 0.788, 0.777, 0.776, 0.775, 0.776, 0.777, 0.776, 0.776, 0.775, 0.774, 0.773, 0.38, 0.252, 0.373, 0.758, 0.757, 0.671, 0.783, 0.791, 0.799, 0.794, 0.788, 0.792, 0.793, 0.796, 0.799, 0.81, 0.804, 0.8, 0.801, 0.81, 0.798, 0.807, 0.802, 0.783, 0.78, 0.793, 0.794, 0.781, 0.778, 0.805, 0.788, 0.781, 0.782, 0.78, 0.786, 0.785, 0.793, 0.792, 0.788, 0.779, 0.785, 0.795, 0.799, 0.8, 0.808, 0.286, 0.755, 0.756, 0.756, 0.756, 0.756, 0.777, 0.774, 0.768, 0.787, 0.784, 0.793, 0.793, 0.809, 0.786, 0.804, 0.81, 0.814, 0.818, 0.818, 0.823, 0.833, 0.832, 0.84, 0.841, 0.844, 0.834, 0.837, 0.816, 0.819, 0.831, 0.817, 0.82, 0.827, 0.816, 0.809, 0.82, 0.801, 0.797, 0.806, 0.805, 0.812, 0.807, 0.807, 0.795, 0.256, 0.755, 0.756, 0.756, 0.756, 0.765, 0.764, 0.764, 0.768, 0.766, 0.758, 0.784, 0.795, 0.803, 0.8, 0.81, 0.809, 0.779, 0.754, 0.754, 0.76, 0.765, 0.763, 0.749, 0.752, 0.764, 0.768, 0.736, 0.743, 0.748, 0.757, 0.756, 0.755, 0.762, 0.76, 0.741, 0.744, 0.738, 0.78, 0.782, 0.779, 0.786, 0.791, 0.789, 0.785, 0.245, 0.756, 0.756, 0.756, 0.796, 0.761, 0.76, 0.763, 0.766, 0.755, 0.743, 0.75, 0.775, 0.788, 0.774, 0.794, 0.785, 0.765, 0.779, 0.807, 0.813, 0.813, 0.779, 0.792, 0.798, 0.795, 0.777, 0.769, 0.772, 0.768, 0.761, 0.763, 0.769, 0.772, 0.779, 0.775, 0.792, 0.799, 0.789, 0.791, 0.788, 0.804, 0.792, 0.818, 0.809, 0.791, 0.34, 0.775, 0.649, 0.696, 0.779, 0.787, 0.782, 0.774, 0.772, 0.767, 0.788, 0.796, 0.796, 0.793, 0.791, 0.791, 0.785, 0.79, 0.784, 0.787, 0.782, 0.795, 0.775, 0.781, 0.791, 0.8, 0.797, 0.793, 0.795, 0.79, 0.787, 0.788, 0.791, 0.8, 0.798, 0.802, 0.801, 0.794, 0.796, 0.797, 0.794, 0.79, 0.801, 0.8, 0.243, 0.779, 0.783, 0.779, 0.78, 0.777, 0.772, 0.768, 0.76, 0.757, 0.757, 0.757, 0.757, 0.757, 0.764, 0.764, 0.764, 0.764, 0.778, 0.779, 0.778, 0.775, 0.778, 0.775, 0.776, 0.775, 0.776, 0.772, 0.772, 0.775, 0.787, 0.788, 0.784, 0.787, 0.784, 0.784, 0.789, 0.79, 0.789, 0.785, 0.79, 0.79, 0.782, 0.774, 0.781, 0.753, 0.756, 0.757, 0.76, 0.757, 0.715, 0.783, 0.8, 0.773, 0.81, 0.801, 0.781, 0.772, 0.795, 0.802, 0.805, 0.747, 0.763, 0.754, 0.8, 0.802, 0.79, 0.788, 0.794, 0.787, 0.769, 0.78, 0.772, 0.781, 0.777, 0.787, 0.767, 0.765, 0.778, 0.773, 0.783, 0.781, 0.783, 0.775, 0.782, 0.776, 0.756, 0.771, 0.752, 0.753, 0.399, 0.778, 0.76, 0.807, 0.794, 0.818, 0.805, 0.797, 0.777, 0.809, 0.813, 0.817, 0.814, 0.814, 0.812, 0.811, 0.821, 0.765, 0.77, 0.778, 0.78, 0.781, 0.781, 0.787, 0.786, 0.794, 0.797, 0.795, 0.806, 0.8, 0.798, 0.808, 0.801, 0.811, 0.771, 0.79, 0.772, 0.783, 0.807, 0.802, 0.794, 0.793, 0.791, 0.8, 0.786, 0.784, 0.758, 0.761, 0.76, 0.76, 0.761, 0.769, 0.768, 0.775, 0.793, 0.793, 0.796, 0.789, 0.81, 0.812, 0.813, 0.793, 0.822, 0.798, 0.794, 0.801, 0.805, 0.823, 0.811, 0.809, 0.814, 0.806, 0.803, 0.816, 0.806, 0.809, 0.798, 0.795, 0.808, 0.808, 0.81, 0.819, 0.819, 0.767, 0.793, 0.775, 0.788, 0.781, 0.78, 0.785, 0.245, 0.749, 0.75, 0.75, 0.756, 0.754, 0.754, 0.754, 0.754, 0.745, 0.775, 0.775, 0.775, 0.775, 0.769, 0.775, 0.778, 0.77, 0.767, 0.771, 0.772, 0.766, 0.779, 0.77, 0.776, 0.765, 0.76, 0.766, 0.764, 0.763, 0.764, 0.768, 0.763, 0.766, 0.768, 0.768, 0.765, 0.776, 0.764, 0.761, 0.759, 0.761, 0.76, 0.759, 0.767, 0.317, 0.244, 0.466, 0.795, 0.785, 0.751, 0.765, 0.765, 0.779, 0.781, 0.774, 0.772, 0.759, 0.769, 0.769, 0.761, 0.78, 0.773, 0.772, 0.777, 0.765, 0.77, 0.761, 0.766, 0.784, 0.8, 0.787, 0.787, 0.785, 0.797, 0.795, 0.796, 0.781, 0.781, 0.776, 0.805, 0.8, 0.789, 0.8, 0.791, 0.784, 0.785, 0.783, 0.78, 0.79, 0.638, 0.793, 0.78, 0.758, 0.756, 0.778, 0.775, 0.759, 0.766, 0.762, 0.762, 0.758, 0.773, 0.778, 0.777, 0.775, 0.774, 0.775, 0.767, 0.772, 0.753, 0.752, 0.772, 0.786, 0.759, 0.767, 0.735, 0.743, 0.762, 0.749, 0.753, 0.755, 0.761, 0.767, 0.767, 0.774, 0.779, 0.775, 0.761, 0.759, 0.768, 0.769, 0.762, 0.76, 0.771, 0.751, 0.254, 0.753, 0.759, 0.756, 0.758, 0.759, 0.759, 0.752, 0.758, 0.745, 0.736, 0.76, 0.761, 0.77, 0.765, 0.759, 0.753, 0.757, 0.755, 0.761, 0.758, 0.758, 0.754, 0.754, 0.756, 0.748, 0.757, 0.758, 0.764, 0.767, 0.765, 0.764, 0.771, 0.77, 0.774, 0.774, 0.775, 0.772, 0.781, 0.775, 0.779, 0.78, 0.803, 0.804, 0.27, 0.763, 0.76, 0.759, 0.786, 0.777, 0.778, 0.779, 0.771, 0.774, 0.771, 0.77, 0.772, 0.772, 0.769, 0.787, 0.786, 0.786, 0.784, 0.788, 0.789, 0.787, 0.787, 0.779, 0.776, 0.786, 0.777, 0.795, 0.793, 0.798, 0.795, 0.793, 0.789, 0.785, 0.785, 0.786, 0.786, 0.786, 0.797, 0.792, 0.795, 0.794, 0.793, 0.791, 0.792, 0.755, 0.755, 0.755, 0.755, 0.755, 0.755, 0.755, 0.755, 0.755, 0.756, 0.756, 0.756, 0.756, 0.756, 0.756, 0.756, 0.756, 0.758, 0.758, 0.758, 0.76, 0.763, 0.764, 0.767, 0.771, 0.77, 0.771, 0.77, 0.773, 0.772, 0.771, 0.776, 0.771, 0.782, 0.781, 0.777, 0.777, 0.777, 0.777, 0.778, 0.769, 0.775, 0.773, 0.779, 0.777, 0.748, 0.749, 0.75, 0.751, 0.754, 0.752, 0.752, 0.753, 0.756, 0.746, 0.747, 0.746, 0.748, 0.75, 0.772, 0.775, 0.778, 0.771, 0.767, 0.762, 0.751, 0.756, 0.741, 0.771, 0.752, 0.758, 0.756, 0.741, 0.747, 0.749, 0.75, 0.736, 0.744, 0.743, 0.759, 0.76, 0.75, 0.75, 0.75, 0.75, 0.741, 0.746, 0.74, 0.758, 0.757, 0.759, 0.767, 0.756, 0.756, 0.756, 0.756, 0.756, 0.758, 0.758, 0.756, 0.759, 0.759, 0.759, 0.759, 0.759, 0.758, 0.759, 0.759, 0.759, 0.759, 0.759, 0.759, 0.758, 0.759, 0.759, 0.758, 0.762, 0.761, 0.763, 0.762, 0.764, 0.761, 0.762, 0.763, 0.779, 0.787, 0.786, 0.792, 0.795, 0.798, 0.801, 0.807, 0.808, 0.797, 0.813, 0.757, 0.757, 0.758, 0.756, 0.758, 0.757, 0.757, 0.758, 0.761, 0.759, 0.761, 0.759, 0.758, 0.766, 0.764, 0.767, 0.766, 0.767, 0.766, 0.757, 0.769, 0.764, 0.758, 0.773, 0.774, 0.77, 0.757, 0.747, 0.752, 0.756, 0.751, 0.751, 0.753, 0.763, 0.754, 0.756, 0.754, 0.754, 0.77, 0.78, 0.774, 0.762, 0.766, 0.768, 0.767]"
sl_diff_acc,"[-0.020000000000000018, -0.0040000000000000036, -0.0040000000000000036, -0.0040000000000000036, -0.0010000000000000009, -0.0050000000000000044, -0.0050000000000000044, -0.0050000000000000044, -0.0040000000000000036, 0.007000000000000006, -0.0050000000000000044, -0.0050000000000000044, -0.0050000000000000044, -0.0050000000000000044, -0.0050000000000000044, -0.0050000000000000044, -0.010000000000000009, -0.015000000000000013, -0.0030000000000000027, -0.010000000000000009, -0.02200000000000002, -0.014000000000000012, -0.01200000000000001, -0.013000000000000012, -0.010000000000000009, -0.009000000000000008, -0.019000000000000017, -0.018000000000000016, -0.02100000000000002, -0.007000000000000006, -0.009000000000000008, -0.01200000000000001, -0.01200000000000001, -0.009000000000000008, -0.008000000000000007, -0.008000000000000007, -0.0040000000000000036, -0.0020000000000000018, -0.0010000000000000009, 0.0, -0.0040000000000000036, 0.0, -0.0030000000000000027, 0.0010000000000000009, 0.0, 0.2879999999999999, 0.009000000000000008, 0.007000000000000006, 0.010000000000000009, 0.0010000000000000009, 0.013000000000000012, 0.0020000000000000018, 0.0050000000000000044, 0.0020000000000000018, 0.0020000000000000018, 0.0010000000000000009, 0.0040000000000000036, 0.0050000000000000044, 0.0040000000000000036, 0.0050000000000000044, 0.007000000000000006, 0.03600000000000003, 0.013000000000000012, 0.014000000000000012, 0.016000000000000014, 0.041000000000000036, 0.006000000000000005, 0.0050000000000000044, 0.0050000000000000044, 0.0040000000000000036, 0.0050000000000000044, 0.0030000000000000027, 0.0030000000000000027, 0.0030000000000000027, 0.0040000000000000036, 0.0050000000000000044, 0.008000000000000007, 0.017000000000000015, 0.025000000000000022, 0.017000000000000015, 0.03700000000000003, 0.02200000000000002, 0.026000000000000023, 0.025000000000000022, 0.027000000000000024, 0.027000000000000024, 0.027000000000000024, 0.027000000000000024, 0.038999999999999924, 0.029000000000000026, 0.30799999999999994, 0.366, 0.13999999999999996, -0.0040000000000000036, -0.0040000000000000036, -0.0030000000000000027, -0.0040000000000000036, -0.03200000000000003, -0.028000000000000025, -0.01200000000000001, -0.008000000000000007, -0.020000000000000018, -0.020000000000000018, -0.02400000000000002, -0.02200000000000002, -0.006000000000000005, -0.015000000000000013, -0.02300000000000002, -0.007000000000000006, -0.009000000000000008, 0.0040000000000000036, 0.007000000000000006, 0.0050000000000000044, 0.0050000000000000044, 0.0040000000000000036, -0.0040000000000000036, -0.0020000000000000018, 0.0, -0.0030000000000000027, -0.006000000000000005, -0.0030000000000000027, -0.0040000000000000036, 0.01200000000000001, 0.01200000000000001, 0.008000000000000007, -0.0040000000000000036, -0.009000000000000008, -0.010000000000000009, -0.0050000000000000044, -0.0030000000000000027, -0.0050000000000000044, 0.0010000000000000009, -0.007999999999999896, -0.007999999999999896, -0.005999999999999894, 0.26200000000000007, -0.0040000000000000036, -0.0010000000000000009, -0.0020000000000000018, -0.0030000000000000027, 0.0040000000000000036, 0.017000000000000015, 0.007000000000000006, 0.009000000000000008, -0.0050000000000000044, -0.007000000000000006, -0.010000000000000009, -0.014000000000000012, 0.009000000000000008, 0.0020000000000000018, 0.0040000000000000036, 0.017000000000000015, -0.007000000000000006, -0.0040000000000000036, 0.0, -0.010999999999999899, -0.0030000000000000027, -0.008000000000000007, -0.0119999999999999, -0.005999999999999894, -0.0020000000000000018, -0.004999999999999893, 0.007999999999999896, -0.0010000000000000009, 0.0, -0.0020000000000000018, -0.0039999999999998925, 0.0030000000000000027, 0.0020000000000000018, 0.0020000000000000018, 0.0, -0.0010000000000000009, -0.0030000000000000027, -0.0010000000000000009, -0.0040000000000000036, -0.008000000000000007, 0.006000000000000005, 0.006000000000000005, -0.010999999999999899, -0.0129999999999999, 0.21400000000000002, -0.0030000000000000027, -0.0030000000000000027, 0.0010000000000000009, 0.0040000000000000036, 0.0030000000000000027, 0.0050000000000000044, 0.0020000000000000018, 0.0030000000000000027, -0.0040000000000000036, 0.007000000000000006, -0.0040000000000000036, -0.019000000000000017, -0.015000000000000013, -0.018000000000000016, -0.01200000000000001, 0.0040000000000000036, 0.0020000000000000018, -0.006000000000000005, 0.0030000000000000027, 0.0020000000000000018, 0.0010000000000000009, 0.0040000000000000036, -0.0020000000000000018, 0.0, 0.0040000000000000036, 0.008000000000000007, 0.007000000000000006, 0.010000000000000009, 0.015000000000000013, 0.0030000000000000027, 0.009000000000000008, 0.010000000000000009, 0.007000000000000006, 0.0010000000000000009, -0.0010000000000000009, -0.008000000000000007, -0.01100000000000001, -0.013000000000000012, -0.015000000000000013, -0.007000000000000006, -0.013000000000000012, -0.01200000000000001, -0.007000000000000006, -0.007000000000000006, 0.29200000000000004, -0.0040000000000000036, -0.0020000000000000018, -0.0040000000000000036, -0.0040000000000000036, -0.0040000000000000036, 0.0, -0.0040000000000000036, -0.010000000000000009, 0.02100000000000002, -0.02400000000000002, -0.02100000000000002, -0.026000000000000023, 0.0030000000000000027, -0.0040000000000000036, -0.0040000000000000036, 0.02100000000000002, -0.02400000000000002, -0.030000000000000027, -0.029000000000000026, -0.02200000000000002, -0.016000000000000014, -0.019000000000000017, -0.02300000000000002, -0.02300000000000002, -0.02400000000000002, -0.02400000000000002, -0.028000000000000025, -0.03200000000000003, -0.026000000000000023, -0.02300000000000002, -0.020000000000000018, -0.026000000000000023, -0.025000000000000022, -0.029000000000000026, -0.03200000000000003, -0.029000000000000026, -0.028000000000000025, -0.030000000000000027, -0.03600000000000003, -0.03300000000000003, -0.018000000000000016, -0.027000000000000024, -0.019000000000000017, -0.020000000000000018, -0.010000000000000009, 0.08399999999999996, 0.0020000000000000018, 0.027000000000000024, 0.018000000000000016, 0.01200000000000001, -0.0050000000000000044, 0.020000000000000018, 0.02100000000000002, 0.017000000000000015, 0.020000000000000018, -0.008999999999999897, -0.008000000000000007, -0.01100000000000001, 0.0030000000000000027, -0.0050000000000000044, -0.0050000000000000044, -0.010000000000000009, -0.009000000000000008, -0.0050000000000000044, 0.0040000000000000036, -0.0050000000000000044, 0.0, -0.010000000000000009, -0.01100000000000001, -0.008000000000000007, -0.008000000000000007, -0.01100000000000001, -0.006000000000000005, -0.02100000000000002, -0.01100000000000001, -0.008000000000000007, -0.01200000000000001, -0.007000000000000006, -0.0030000000000000027, 0.007000000000000006, -0.006000000000000005, -0.007000000000000006, -0.01100000000000001, -0.01100000000000001, -0.018999999999999906, -0.02299999999999991, -0.018999999999999906, -0.0129999999999999, -0.0119999999999999, 0.348, 0.006000000000000005, 0.0030000000000000027, 0.007000000000000006, 0.0, 0.02300000000000002, 0.018000000000000016, -0.0010000000000000009, 0.03200000000000003, -0.0020000000000000018, -0.0020000000000000018, 0.0, 0.040000000000000036, -0.0010000000000000009, 0.006000000000000005, 0.018000000000000016, 0.01200000000000001, 0.03200000000000003, 0.007000000000000006, 0.01200000000000001, 0.014000000000000012, 0.01200000000000001, 0.015000000000000013, 0.015000000000000013, 0.016000000000000014, 0.017000000000000015, 0.015000000000000013, 0.02200000000000002, 0.014000000000000012, 0.013000000000000012, 0.018000000000000016, 0.014000000000000012, 0.02399999999999991, 0.017000000000000015, 0.017000000000000015, 0.015000000000000013, 0.016000000000000014, 0.02300000000000002, 0.02200000000000002, 0.015000000000000013, 0.015000000000000013, 0.017000000000000015, 0.02300000000000002, 0.008000000000000007, 0.016000000000000014, 0.018000000000000016, 0.0010000000000000009, 0.005999999999999894, 0.016000000000000014, 0.0020000000000000018, 0.07300000000000006, -0.0050000000000000044, 0.015000000000000013, 0.0030000000000000027, 0.0010000000000000009, -0.0030000000000000027, -0.0020000000000000018, 0.018000000000000016, 0.018000000000000016, -0.0010000000000000009, 0.009000000000000008, 0.01200000000000001, 0.0020000000000000018, -0.0040000000000000036, 0.007000000000000006, 0.013000000000000012, 0.014000000000000012, 0.009000000000000008, 0.019000000000000017, 0.039000000000000035, 0.04400000000000004, 0.03400000000000003, 0.03700000000000003, 0.029000000000000026, 0.018000000000000016, 0.010000000000000009, 0.009000000000000008, 0.009000000000000008, 0.006000000000000005, 0.0050000000000000044, 0.013000000000000012, 0.015000000000000013, 0.01200000000000001, 0.013000000000000012, 0.01200000000000001, 0.013000000000000012, 0.01100000000000001, 0.01200000000000001, 0.018000000000000016, 0.017000000000000015, -0.0050000000000000044, 0.006000000000000005, 0.006000000000000005, -0.009000000000000008, 0.0030000000000000027, -0.006000000000000005, 0.0, -0.009000000000000008, -0.01200000000000001, -0.014999999999999902, -0.0119999999999999, -0.010999999999999899, -0.008000000000000007, -0.016999999999999904, -0.014999999999999902, -0.006999999999999895, -0.0030000000000000027, -0.008000000000000007, 0.007000000000000006, 0.008000000000000007, -0.009000000000000008, -0.0050000000000000044, -0.0030000000000000027, -0.006000000000000005, -0.0020000000000000018, -0.0030000000000000027, -0.0040000000000000036, -0.008000000000000007, -0.006000000000000005, -0.009000000000000008, -0.019999999999999907, -0.02399999999999991, -0.015000000000000013, -0.016999999999999904, -0.006000000000000005, 0.0040000000000000036, 0.0, -0.0020000000000000018, 0.006000000000000005, 0.0040000000000000036, 0.007000000000000006, 0.006000000000000005, 0.0030000000000000027, -0.0030000000000000027, -0.0010000000000000009, -0.03700000000000003, -0.0020000000000000018, -0.010000000000000009, 0.0, 0.01200000000000001, -0.008000000000000007, -0.01100000000000001, -0.014000000000000012, -0.01100000000000001, 0.0020000000000000018, -0.016000000000000014, -0.010000000000000009, -0.0010000000000000009, 0.0010000000000000009, -0.017000000000000015, -0.016000000000000014, -0.017000000000000015, -0.02400000000000002, -0.015000000000000013, -0.017000000000000015, -0.019000000000000017, -0.014000000000000012, -0.0030000000000000027, -0.013000000000000012, -0.01200000000000001, -0.007000000000000006, -0.008000000000000007, -0.0050000000000000044, -0.009000000000000008, -0.008000000000000007, -0.007000000000000006, -0.007000000000000006, -0.010000000000000009, -0.01200000000000001, -0.01100000000000001, -0.01100000000000001, -0.0040000000000000036, -0.007000000000000006, -0.014000000000000012, -0.006000000000000005, -0.006000000000000005, -0.01100000000000001, -0.010000000000000009, -0.017999999999999905, -0.013999999999999901, 0.31400000000000006, -0.0040000000000000036, -0.0020000000000000018, -0.0010000000000000009, -0.0010000000000000009, -0.0010000000000000009, -0.0030000000000000027, 0.0040000000000000036, 0.008000000000000007, 0.013000000000000012, 0.017000000000000015, 0.01100000000000001, 0.009000000000000008, 0.013000000000000012, 0.009000000000000008, 0.014000000000000012, 0.016000000000000014, 0.013000000000000012, 0.020000000000000018, 0.009000000000000008, 0.010000000000000009, 0.0050000000000000044, 0.0030000000000000027, 0.0030000000000000027, 0.007000000000000006, 0.0050000000000000044, 0.010000000000000009, 0.010000000000000009, 0.009000000000000008, 0.018000000000000016, 0.01200000000000001, 0.013000000000000012, 0.01200000000000001, 0.010000000000000009, 0.013000000000000012, 0.014000000000000012, 0.019000000000000017, 0.016000000000000014, 0.03300000000000003, 0.039000000000000035, 0.026000000000000023, 0.02100000000000002, 0.02300000000000002, 0.02400000000000002, 0.028000000000000025, 0.35200000000000004, 0.31299999999999994, 0.03300000000000003, -0.016000000000000014, -0.010000000000000009, -0.010000000000000009, -0.0010000000000000009, -0.013000000000000012, 0.0, -0.01200000000000001, -0.0020000000000000018, 0.010000000000000009, 0.0030000000000000027, 0.009000000000000008, 0.007000000000000006, -0.0020000000000000018, 0.0030000000000000027, 0.007000000000000006, 0.013000000000000012, 0.0050000000000000044, 0.0020000000000000018, 0.0010000000000000009, -0.006000000000000005, 0.0030000000000000027, -0.01100000000000001, -0.013000000000000012, -0.01200000000000001, 0.0020000000000000018, -0.0020000000000000018, -0.0040000000000000036, 0.01100000000000001, 0.0040000000000000036, 0.0050000000000000044, 0.006000000000000005, 0.018000000000000016, -0.0020000000000000018, 0.010000000000000009, 0.0050000000000000044, 0.0050000000000000044, 0.01100000000000001, 0.008000000000000007, 0.01100000000000001, 0.01100000000000001, 0.010000000000000009, 0.015000000000000013, 0.02100000000000002, -0.03300000000000003, -0.007000000000000006, -0.027000000000000024, -0.0040000000000000036, -0.02200000000000002, -0.016000000000000014, -0.0050000000000000044, -0.015000000000000013, -0.0020000000000000018, 0.02300000000000002, 0.015000000000000013, -0.010000000000000009, 0.006000000000000005, 0.009000000000000008, 0.01100000000000001, 0.007000000000000006, 0.0020000000000000018, 0.014000000000000012, 0.018000000000000016, 0.01200000000000001, 0.01200000000000001, 0.01100000000000001, 0.015000000000000013, 0.010000000000000009, 0.008000000000000007, -0.01200000000000001, 0.0010000000000000009, -0.0010000000000000009, 0.0020000000000000018, 0.0, -0.0020000000000000018, 0.0010000000000000009, 0.0030000000000000027, 0.01100000000000001, 0.006000000000000005, 0.01100000000000001, 0.01200000000000001, 0.010000000000000009, 0.01100000000000001, 0.01100000000000001, 0.01100000000000001, 0.009000000000000008, 0.010000000000000009, 0.020000000000000018, 0.15999999999999998, 0.338, 0.02100000000000002, 0.01200000000000001, 0.028000000000000025, 0.008000000000000007, 0.007000000000000006, 0.008000000000000007, 0.013000000000000012, 0.0030000000000000027, 0.013000000000000012, 0.014000000000000012, 0.015000000000000013, 0.039000000000000035, 0.013000000000000012, 0.02300000000000002, 0.02300000000000002, 0.02100000000000002, 0.014000000000000012, 0.018000000000000016, 0.019000000000000017, 0.018000000000000016, 0.018000000000000016, 0.016000000000000014, 0.019000000000000017, 0.019000000000000017, 0.015000000000000013, 0.025000000000000022, 0.028000000000000025, 0.027000000000000024, 0.02400000000000002, 0.020000000000000018, 0.016000000000000014, 0.017000000000000015, 0.017000000000000015, 0.018000000000000016, 0.018000000000000016, 0.018000000000000016, 0.02400000000000002, 0.019000000000000017, 0.018000000000000016, 0.017000000000000015, 0.02300000000000002, 0.026000000000000023, 0.0030000000000000027, 0.295, -0.02200000000000002, -0.02400000000000002, -0.015000000000000013, -0.0050000000000000044, 0.008000000000000007, 0.0050000000000000044, 0.0020000000000000018, -0.007000000000000006, -0.0050000000000000044, -0.0010000000000000009, -0.0020000000000000018, 0.0, -0.0050000000000000044, -0.0040000000000000036, 0.018000000000000016, 0.0040000000000000036, 0.006000000000000005, 0.015000000000000013, 0.014000000000000012, 0.01200000000000001, 0.014000000000000012, 0.02100000000000002, 0.009000000000000008, 0.007000000000000006, 0.008000000000000007, 0.010000000000000009, 0.0, 0.0030000000000000027, 0.0, -0.006000000000000005, -0.007000000000000006, -0.0050000000000000044, 0.0020000000000000018, 0.0020000000000000018, 0.0030000000000000027, -0.0010000000000000009, 0.0050000000000000044, 0.013999999999999901, 0.006000000000000005, 0.0010000000000000009, 0.0040000000000000036, 0.0040000000000000036, 0.0010000000000000009, 0.0020000000000000018, -0.007000000000000006, 0.0020000000000000018, 0.006000000000000005, 0.0050000000000000044, 0.007000000000000006, 0.0030000000000000027, 0.0010000000000000009, 0.0010000000000000009, 0.0010000000000000009, 0.0020000000000000018, 0.0010000000000000009, 0.0, 0.0010000000000000009, 0.0020000000000000018, 0.0010000000000000009, 0.0020000000000000018, 0.0020000000000000018, -0.0020000000000000018, 0.007000000000000006, 0.013000000000000012, 0.009000000000000008, 0.01200000000000001, -0.0040000000000000036, -0.006000000000000005, 0.0040000000000000036, -0.0010000000000000009, -0.0010000000000000009, 0.0010000000000000009, -0.009000000000000008, -0.009000000000000008, -0.008000000000000007, 0.015000000000000013, 0.009000000000000008, 0.009000000000000008, 0.013000000000000012, 0.031000000000000028, 0.007000000000000006, 0.010000000000000009, 0.010000000000000009, 0.007000000000000006, 0.010000000000000009, 0.013000000000000012, -0.0040000000000000036, -0.006000000000000005, 0.010000000000000009, 0.039000000000000035, -0.0030000000000000027, -0.0030000000000000027, -0.0030000000000000027, 0.009000000000000008, -0.0040000000000000036, 0.0020000000000000018, -0.0030000000000000027, -0.0020000000000000018, 0.010000000000000009, 0.02400000000000002, 0.008000000000000007, -0.0040000000000000036, -0.0030000000000000027, -0.0030000000000000027, -0.0040000000000000036, 0.0010000000000000009, 0.0040000000000000036, 0.010000000000000009, 0.008000000000000007, 0.009000000000000008, 0.0050000000000000044, 0.028000000000000025, 0.015000000000000013, 0.010000000000000009, 0.0050000000000000044, -0.0020000000000000018, 0.007000000000000006, 0.0050000000000000044, 0.009000000000000008, -0.0040000000000000036, -0.0040000000000000036, -0.0040000000000000036, -0.0040000000000000036, 0.0030000000000000027, -0.0020000000000000018, -0.0030000000000000027, -0.0030000000000000027, -0.0030000000000000027, -0.0030000000000000027, -0.0040000000000000036, 0.0, -0.0040000000000000036, -0.0030000000000000027, 0.0030000000000000027, -0.03699999999999992, 0.028000000000000025, -0.0040000000000000036, -0.0040000000000000036, -0.0040000000000000036, -0.0040000000000000036, 0.01200000000000001, -0.0040000000000000036, -0.0010000000000000009, 0.0030000000000000027, -0.0020000000000000018, -0.0020000000000000018, -0.0050000000000000044, -0.0040000000000000036, -0.0040000000000000036, -0.0040000000000000036, -0.0040000000000000036, -0.0030000000000000027, -0.0020000000000000018, -0.0020000000000000018, -0.0050000000000000044, -0.0040000000000000036, -0.0050000000000000044, 0.0010000000000000009, -0.0050000000000000044, -0.0040000000000000036, -0.0020000000000000018, -0.0040000000000000036, -0.008000000000000007, 0.0, 0.0010000000000000009, -0.0010000000000000009, -0.0020000000000000018, -0.0020000000000000018, -0.01100000000000001, -0.01100000000000001, -0.0030000000000000027, -0.010000000000000009, -0.015000000000000013, -0.016000000000000014, -0.017000000000000015, -0.017000000000000015, -0.014000000000000012, -0.006000000000000005, -0.0040000000000000036, 0.015000000000000013, -0.0010000000000000009, -0.0010000000000000009, -0.0020000000000000018, -0.0010000000000000009, 0.0010000000000000009, 0.0030000000000000027, 0.009000000000000008, -0.0030000000000000027, 0.0010000000000000009, -0.0010000000000000009, -0.0020000000000000018, 0.0010000000000000009, 0.0, 0.0030000000000000027, 0.01200000000000001, -0.0030000000000000027, -0.0020000000000000018, 0.02100000000000002, 0.006000000000000005, 0.010000000000000009, 0.01200000000000001, 0.020000000000000018, 0.013000000000000012, 0.013000000000000012, 0.018000000000000016, 0.027000000000000024, 0.02200000000000002, 0.026000000000000023, 0.029000000000000026, 0.028000000000000025, 0.027000000000000024, 0.02200000000000002, 0.019000000000000017, 0.017000000000000015, 0.03500000000000003, 0.010000000000000009, 0.018000000000000016, 0.013000000000000012, 0.013000000000000012, 0.015000000000000013, 0.015000000000000013, 0.014000000000000012, 0.01200000000000001, 0.014000000000000012]"
ul_diff_acc,"[0.10699999999999998, 0.263, 0.09799999999999998, 0.17400000000000004, 0.17900000000000005, 0.19399999999999995, 0.18300000000000005, 0.16800000000000004, 0.08599999999999997, 0.09999999999999998, 0.18700000000000006, 0.18700000000000006, 0.16100000000000003, 0.15800000000000003, 0.15300000000000002, 0.272, 0.16800000000000004, 0.16500000000000004, 0.258, 0.16700000000000004, 0.17200000000000004, 0.28, 0.276, 0.18800000000000006, 0.16700000000000004, 0.16600000000000004, 0.17800000000000005, 0.16500000000000004, 0.267, 0.137, 0.16300000000000003, 0.16300000000000003, 0.21799999999999997, 0.20100000000000007, 0.17800000000000005, 0.17600000000000005, 0.24, 0.31700000000000006, 0.18100000000000005, 0.271, 0.245, 0.18500000000000005, 0.18000000000000005, 0.267, 0.17700000000000005, 0.02399999999999991, 0.119, 0.11599999999999999, 0.15600000000000003, 0.121, 0.051000000000000045, 0.11499999999999999, 0.21699999999999997, 0.127, 0.10499999999999998, 0.132, 0.17500000000000004, 0.17300000000000004, 0.12, 0.138, 0.22999999999999998, 0.06800000000000006, 0.15700000000000003, 0.17100000000000004, 0.18200000000000005, 0.08500000000000008, 0.17700000000000005, 0.18300000000000005, 0.16700000000000004, 0.18200000000000005, 0.19200000000000006, 0.18800000000000006, 0.19800000000000006, 0.19400000000000006, 0.18300000000000005, 0.18900000000000006, 0.19200000000000006, 0.08800000000000008, 0.17500000000000004, 0.16300000000000003, 0.08000000000000007, 0.20700000000000007, 0.20100000000000007, 0.20700000000000007, 0.20500000000000007, 0.20600000000000007, 0.20800000000000007, 0.20500000000000007, 0.09899999999999998, 0.19400000000000006, -0.020000000000000018, 0.0030000000000000027, -0.05300000000000005, 0.07999999999999996, 0.18500000000000005, 0.257, 0.22399999999999998, 0.15400000000000003, 0.17600000000000005, 0.262, 0.238, 0.17600000000000005, 0.17900000000000005, 0.266, 0.16700000000000004, 0.17200000000000004, 0.18000000000000005, 0.28400000000000003, 0.23199999999999998, 0.18100000000000005, 0.26, 0.16600000000000004, 0.16500000000000004, 0.16900000000000004, 0.17000000000000004, 0.17400000000000004, 0.17700000000000005, 0.17300000000000004, 0.19700000000000006, 0.18800000000000006, 0.19200000000000006, 0.18800000000000006, 0.18700000000000006, 0.18700000000000006, 0.19000000000000006, 0.19900000000000007, 0.19300000000000006, 0.19100000000000006, 0.271, 0.19800000000000006, 0.265, 0.10000000000000009, 0.20900000000000007, 0.21200000000000008, 0.1170000000000001, 0.009000000000000008, 0.25, 0.20699999999999996, 0.15600000000000003, 0.16400000000000003, 0.19100000000000006, 0.08800000000000008, 0.18100000000000005, 0.08900000000000008, 0.18000000000000005, 0.18400000000000005, 0.18400000000000005, 0.18300000000000005, 0.08700000000000008, 0.16900000000000004, 0.18600000000000005, 0.16300000000000003, 0.18500000000000005, 0.19300000000000006, 0.20800000000000007, 0.19900000000000007, 0.20099999999999996, 0.20999999999999996, 0.20900000000000007, 0.21300000000000008, 0.21299999999999997, 0.20400000000000007, 0.2659999999999999, 0.20000000000000007, 0.21000000000000008, 0.18700000000000006, 0.18100000000000005, 0.28200000000000003, 0.19600000000000006, 0.19500000000000006, 0.19300000000000006, 0.17100000000000004, 0.20399999999999996, 0.19400000000000006, 0.20600000000000007, 0.18800000000000006, 0.17700000000000005, 0.18300000000000005, 0.18700000000000006, 0.2330000000000001, 0.014000000000000012, 0.14800000000000002, 0.17100000000000004, 0.21699999999999997, 0.14400000000000002, 0.16700000000000004, 0.238, 0.15900000000000003, 0.14500000000000002, 0.17900000000000005, 0.136, 0.126, 0.12, 0.126, 0.138, 0.15300000000000002, 0.31300000000000006, 0.17600000000000005, 0.14300000000000002, 0.14300000000000002, 0.139, 0.124, 0.243, 0.14100000000000001, 0.15300000000000002, 0.14900000000000002, 0.15600000000000003, 0.16000000000000003, 0.16200000000000003, 0.2340000000000001, 0.17700000000000005, 0.324, 0.17500000000000004, 0.17800000000000005, 0.17600000000000005, 0.16900000000000004, 0.17200000000000004, 0.17600000000000005, 0.18100000000000005, 0.18300000000000005, 0.19000000000000006, 0.17200000000000004, 0.2250000000000001, 0.17900000000000005, 0.17600000000000005, 0.0040000000000000036, 0.21799999999999997, 0.275, 0.23099999999999998, 0.238, 0.249, 0.21799999999999997, 0.16200000000000003, 0.19200000000000006, 0.235, 0.20399999999999996, 0.20399999999999996, 0.20599999999999996, 0.07500000000000007, 0.21199999999999997, 0.17000000000000004, 0.21000000000000008, 0.18900000000000006, 0.22599999999999998, 0.18600000000000005, 0.17800000000000005, 0.050000000000000044, 0.18600000000000005, 0.20100000000000007, 0.264, 0.28300000000000003, 0.18100000000000005, 0.17300000000000004, 0.16900000000000004, 0.17000000000000004, 0.18400000000000005, 0.18900000000000006, 0.18000000000000005, 0.18400000000000005, 0.17700000000000005, 0.16700000000000004, 0.17400000000000004, 0.18000000000000005, 0.18300000000000005, 0.16800000000000004, 0.17000000000000004, 0.17500000000000004, 0.16900000000000004, 0.17800000000000005, 0.18000000000000005, 0.22799999999999998, 0.01100000000000001, 0.21499999999999997, 0.05400000000000005, 0.031000000000000028, 0.17100000000000004, 0.18800000000000006, 0.18500000000000005, 0.20400000000000007, 0.21300000000000008, 0.21800000000000008, 0.21000000000000008, 0.26, 0.16200000000000003, 0.2370000000000001, 0.16500000000000004, 0.18200000000000005, 0.15900000000000003, 0.16200000000000003, 0.16500000000000004, 0.17100000000000004, 0.19000000000000006, 0.244, 0.18400000000000005, 0.18000000000000005, 0.16200000000000003, 0.17100000000000004, 0.16600000000000004, 0.121, 0.16400000000000003, 0.17500000000000004, 0.126, 0.18200000000000005, 0.10999999999999999, 0.19400000000000006, 0.2420000000000001, 0.18900000000000006, 0.19100000000000006, 0.17900000000000005, 0.137, 0.238, 0.18300000000000005, 0.18700000000000006, 0.266, 0.19700000000000006, -0.04200000000000004, 0.20600000000000007, 0.131, 0.278, 0.135, 0.20400000000000007, 0.18000000000000005, 0.29400000000000004, 0.249, 0.121, 0.19800000000000006, 0.18400000000000005, 0.256, 0.20599999999999996, 0.21399999999999997, 0.15100000000000002, 0.22899999999999998, 0.21700000000000008, 0.21900000000000008, 0.2280000000000001, 0.21600000000000008, 0.258, 0.2240000000000001, 0.2230000000000001, 0.2230000000000001, 0.2250000000000001, 0.23199999999999998, 0.07200000000000006, 0.239, 0.242, 0.263, 0.258, 0.2819999999999999, 0.26, 0.258, 0.253, 0.253, 0.252, 0.2490000000000001, 0.246, 0.246, 0.08100000000000007, 0.2220000000000001, 0.2320000000000001, 0.21700000000000008, 0.06899999999999995, 0.08099999999999996, 0.1399999999999999, 0.23299999999999998, 0.18000000000000005, -0.009000000000000008, 0.16099999999999992, 0.09799999999999998, 0.21699999999999997, 0.20899999999999996, 0.138, 0.13, 0.139, 0.14, 0.17700000000000005, 0.17800000000000005, 0.18500000000000005, 0.20100000000000007, 0.251, 0.19500000000000006, 0.256, 0.20000000000000007, 0.19500000000000006, 0.20600000000000007, 0.17700000000000005, 0.21100000000000008, 0.20200000000000007, 0.19700000000000006, 0.23199999999999998, 0.28700000000000003, 0.20700000000000007, 0.20200000000000007, 0.19700000000000006, 0.20100000000000007, 0.20800000000000007, 0.20000000000000007, 0.20500000000000007, 0.19600000000000006, 0.20300000000000007, 0.21300000000000008, 0.241, 0.20900000000000007, 0.21000000000000008, 0.20600000000000007, 0.20500000000000007, -0.017000000000000015, 0.16700000000000004, 0.16300000000000003, 0.14300000000000002, 0.14100000000000001, 0.19400000000000006, 0.29000000000000004, 0.17800000000000005, 0.18900000000000006, 0.19300000000000006, 0.28700000000000003, 0.19300000000000006, 0.18500000000000005, 0.19700000000000006, 0.20200000000000007, 0.20700000000000007, 0.2579999999999999, 0.17400000000000004, 0.249, 0.261, 0.28800000000000003, 0.17200000000000004, 0.17500000000000004, 0.29300000000000004, 0.20000000000000007, 0.19300000000000006, 0.19800000000000006, 0.19500000000000006, 0.28500000000000003, 0.28400000000000003, 0.20500000000000007, 0.19900000000000007, 0.19500000000000006, 0.20400000000000007, 0.19700000000000006, 0.30600000000000005, 0.20200000000000007, 0.248, 0.20200000000000007, 0.25, 0.20300000000000007, 0.20200000000000007, 0.20300000000000007, 0.21700000000000008, 0.119, 0.11199999999999999, 0.20199999999999996, 0.20699999999999996, 0.09599999999999997, 0.22199999999999998, 0.18800000000000006, 0.137, 0.21799999999999997, 0.10899999999999999, 0.29600000000000004, 0.248, 0.2250000000000001, 0.239, 0.30700000000000005, 0.19500000000000006, 0.17000000000000004, 0.05900000000000005, 0.16700000000000004, 0.29300000000000004, 0.138, 0.131, 0.14500000000000002, 0.30200000000000005, 0.14200000000000002, 0.136, 0.14500000000000002, 0.07500000000000007, 0.14900000000000002, 0.14700000000000002, 0.15600000000000003, 0.2310000000000001, 0.15200000000000002, 0.32500000000000007, 0.14600000000000002, 0.14900000000000002, 0.31100000000000005, 0.132, 0.136, 0.30100000000000005, 0.134, 0.131, 0.258, 0.14100000000000001, 0.14900000000000002, 0.139, 0.0010000000000000009, 0.19499999999999995, 0.17300000000000004, 0.08999999999999997, 0.17300000000000004, 0.241, 0.22899999999999998, 0.19999999999999996, 0.20799999999999996, 0.22499999999999998, 0.20000000000000007, 0.21600000000000008, 0.21300000000000008, 0.256, 0.262, 0.21200000000000008, 0.21700000000000008, 0.20300000000000007, 0.18500000000000005, 0.121, 0.18400000000000005, 0.18600000000000005, 0.07900000000000007, 0.18500000000000005, 0.24, 0.19200000000000006, 0.18200000000000005, 0.11499999999999999, 0.18200000000000005, 0.12, 0.19700000000000006, 0.19600000000000006, 0.19600000000000006, 0.14500000000000002, 0.21100000000000008, 0.14300000000000002, 0.21600000000000008, 0.2260000000000001, 0.125, 0.06300000000000006, 0.25, 0.20700000000000007, 0.20900000000000007, 0.21000000000000008, 0.21900000000000008, -0.01100000000000001, -0.019000000000000017, 0.04299999999999993, 0.21099999999999997, 0.242, 0.16700000000000004, 0.17700000000000005, 0.19100000000000006, 0.21299999999999997, 0.18700000000000006, 0.18800000000000006, 0.19900000000000007, 0.21099999999999997, 0.19000000000000006, 0.19200000000000006, 0.242, 0.20900000000000007, 0.22499999999999998, 0.18900000000000006, 0.23299999999999998, 0.15200000000000002, 0.18800000000000006, 0.14500000000000002, 0.15200000000000002, 0.17400000000000004, 0.135, 0.21900000000000008, 0.21300000000000008, 0.15900000000000003, 0.20300000000000007, 0.238, 0.256, 0.18700000000000006, 0.18900000000000006, 0.09700000000000009, 0.18000000000000005, 0.244, 0.19900000000000007, 0.19000000000000006, 0.18100000000000005, 0.17700000000000005, 0.17900000000000005, 0.17500000000000004, 0.17500000000000004, 0.267, -0.008000000000000007, 0.09399999999999997, 0.17500000000000004, 0.22099999999999997, 0.20899999999999996, 0.19600000000000006, 0.22899999999999998, 0.08300000000000007, 0.19600000000000006, 0.131, 0.241, 0.258, 0.15800000000000003, 0.28, 0.16700000000000004, 0.18500000000000005, 0.18700000000000006, 0.129, 0.21099999999999997, 0.15500000000000003, 0.20300000000000007, 0.20000000000000007, 0.21000000000000008, 0.22000000000000008, 0.20800000000000007, 0.20200000000000007, 0.03400000000000003, 0.19200000000000006, 0.19400000000000006, 0.19500000000000006, 0.20600000000000007, 0.20000000000000007, 0.22399999999999998, 0.21999999999999997, 0.22499999999999998, 0.22199999999999998, 0.06600000000000006, 0.22499999999999998, 0.22499999999999998, 0.20400000000000007, 0.19400000000000006, 0.19800000000000006, 0.19500000000000006, 0.19800000000000006, 0.281, 0.015000000000000013, -0.014000000000000012, 0.20499999999999996, 0.11599999999999999, 0.22899999999999998, 0.10399999999999998, 0.18900000000000006, 0.16700000000000004, 0.16100000000000003, 0.15500000000000003, 0.08599999999999997, 0.16000000000000003, 0.15000000000000002, 0.20100000000000007, 0.119, 0.31, 0.306, 0.16800000000000004, 0.17100000000000004, 0.17800000000000005, 0.28200000000000003, 0.28200000000000003, 0.28300000000000003, 0.125, 0.28300000000000003, 0.28700000000000003, 0.28300000000000003, 0.29400000000000004, 0.29400000000000004, 0.29600000000000004, 0.29600000000000004, 0.29100000000000004, 0.29700000000000004, 0.29900000000000004, 0.29800000000000004, 0.29800000000000004, 0.29800000000000004, 0.29800000000000004, 0.10899999999999999, 0.29800000000000004, 0.29700000000000004, 0.15200000000000002, 0.30600000000000005, 0.262, 0.18700000000000006, -0.006000000000000005, 0.14700000000000002, 0.247, 0.17100000000000004, 0.18900000000000006, 0.18800000000000006, 0.17800000000000005, 0.16200000000000003, 0.21300000000000008, 0.23399999999999999, 0.14900000000000002, 0.136, 0.131, 0.14100000000000001, 0.15400000000000003, 0.16700000000000004, 0.19300000000000006, 0.251, 0.16500000000000004, 0.15900000000000003, 0.17000000000000004, 0.17400000000000004, 0.14900000000000002, 0.17100000000000004, 0.258, 0.18400000000000005, 0.18700000000000006, 0.18900000000000006, 0.19100000000000006, 0.18600000000000005, 0.23099999999999998, 0.17400000000000004, 0.17100000000000004, 0.17700000000000005, 0.20000000000000007, 0.18500000000000005, 0.17900000000000005, 0.14100000000000001, 0.08799999999999997, 0.19300000000000006, 0.31800000000000006, 0.18700000000000006, 0.18700000000000006, 0.28900000000000003, 0.18300000000000005, 0.128, 0.23399999999999999, 0.17200000000000004, 0.11699999999999999, 0.10699999999999998, 0.128, 0.17100000000000004, 0.17200000000000004, 0.17100000000000004, 0.17800000000000005, 0.128, 0.16400000000000003, 0.19400000000000006, 0.20899999999999996, 0.07399999999999995, 0.23399999999999999, 0.15300000000000002, 0.15100000000000002, 0.11499999999999999, 0.10399999999999998, 0.16400000000000003, 0.254, 0.17000000000000004, 0.17900000000000005, 0.19100000000000006, 0.18000000000000005, 0.18900000000000006, 0.18600000000000005, 0.18900000000000006, 0.15700000000000003, 0.121, 0.05700000000000005, 0.24, 0.17800000000000005, 0.04400000000000004, 0.08300000000000007, 0.07800000000000007, 0.16900000000000004, 0.17800000000000005, 0.241, 0.17900000000000005, 0.273, 0.06400000000000006, 0.17700000000000005, 0.18100000000000005, 0.04200000000000004, 0.09399999999999997, 0.129, 0.137, 0.18100000000000005, 0.135, 0.239, 0.15100000000000002, 0.14500000000000002, 0.14200000000000002, 0.253, 0.15200000000000002, 0.15600000000000003, 0.14900000000000002, 0.17500000000000004, 0.15000000000000002, 0.17300000000000004, 0.15900000000000003, 0.11599999999999999, 0.19100000000000006, 0.19700000000000006, 0.19300000000000006, 0.18900000000000006, 0.19599999999999995, 0.20299999999999996, 0.19999999999999996, 0.21199999999999997, 0.19400000000000006, 0.19499999999999995, 0.18900000000000006, 0.11399999999999999, 0.17100000000000004, 0.17900000000000005, 0.17800000000000005, 0.17600000000000005, 0.17700000000000005, 0.17500000000000004, 0.14700000000000002, 0.15600000000000003, 0.15100000000000002, 0.21999999999999997, 0.15100000000000002, 0.17000000000000004, 0.15000000000000002, 0.14800000000000002, 0.17600000000000005, 0.14700000000000002, 0.252, 0.139, 0.16800000000000004, 0.20699999999999996, 0.241, 0.21999999999999997, 0.09199999999999997, 0.21599999999999997, 0.20499999999999996, 0.19399999999999995, 0.20199999999999996, 0.19799999999999995, 0.17400000000000004, 0.21099999999999997, 0.15900000000000003, 0.15900000000000003, 0.16100000000000003, 0.18000000000000005, 0.18600000000000005, 0.16100000000000003, 0.16400000000000003, 0.138, 0.16900000000000004, 0.26, 0.18000000000000005, 0.16500000000000004, 0.17700000000000005, 0.16000000000000003, 0.16800000000000004, 0.16500000000000004, 0.16700000000000004, 0.16000000000000003, 0.16600000000000004, 0.17000000000000004, 0.05400000000000005, 0.28, 0.17300000000000004, 0.17000000000000004, 0.17000000000000004, 0.17400000000000004, 0.17200000000000004, 0.30200000000000005, 0.16300000000000003, 0.15600000000000003, 0.19500000000000006, 0.22199999999999998, 0.19000000000000006, 0.19799999999999995, 0.06800000000000006, 0.18600000000000005, 0.20200000000000007, 0.15000000000000002, 0.040000000000000036, 0.15200000000000002, 0.15100000000000002, 0.237, 0.135, 0.137, 0.258, 0.17100000000000004, 0.18600000000000005, 0.246, 0.16100000000000003, 0.18000000000000005, 0.19300000000000006, 0.20300000000000007, 0.18700000000000006, 0.19000000000000006, 0.19000000000000006, 0.20400000000000007, 0.19300000000000006, 0.19100000000000006, 0.19900000000000007, 0.21199999999999997, 0.20700000000000007, 0.20700000000000007, 0.20599999999999996, 0.20400000000000007, 0.18900000000000006, 0.20500000000000007, 0.20200000000000007, 0.22099999999999997, 0.21499999999999997, 0.21099999999999997, 0.21099999999999997, 0.21199999999999997, 0.28400000000000003, 0.07800000000000007]"
st_diff_acc,"[-0.03200000000000003, -0.0040000000000000036, -0.0040000000000000036, -0.0040000000000000036, -0.0030000000000000027, -0.0050000000000000044, -0.0050000000000000044, 0.0050000000000000044, 0.0020000000000000018, 0.014000000000000012, -0.0030000000000000027, -0.009000000000000008, -0.0050000000000000044, -0.0050000000000000044, -0.0030000000000000027, -0.010000000000000009, -0.01200000000000001, -0.017000000000000015, -0.029000000000000026, -0.03300000000000003, -0.028000000000000025, -0.03300000000000003, -0.031000000000000028, -0.03200000000000003, -0.02300000000000002, -0.02400000000000002, -0.030000000000000027, -0.026000000000000023, -0.029000000000000026, -0.0020000000000000018, -0.016000000000000014, -0.013000000000000012, -0.01100000000000001, -0.02400000000000002, -0.015000000000000013, -0.0030000000000000027, -0.010000000000000009, 0.0010000000000000009, -0.013000000000000012, -0.0040000000000000036, -0.007000000000000006, -0.007000000000000006, -0.010999999999999899, -0.009999999999999898, -0.0119999999999999, 0.2879999999999999, 0.0010000000000000009, 0.0010000000000000009, 0.0040000000000000036, -0.0010000000000000009, 0.01100000000000001, 0.0, 0.0030000000000000027, 0.0, 0.0, -0.0010000000000000009, 0.008000000000000007, 0.009000000000000008, 0.009000000000000008, 0.008000000000000007, 0.006000000000000005, 0.03400000000000003, 0.01200000000000001, 0.0040000000000000036, 0.007000000000000006, 0.039000000000000035, 0.0040000000000000036, 0.0030000000000000027, 0.0030000000000000027, 0.0010000000000000009, 0.0020000000000000018, 0.006000000000000005, 0.006000000000000005, 0.006000000000000005, 0.0050000000000000044, 0.006000000000000005, 0.016000000000000014, 0.018000000000000016, 0.026000000000000023, 0.01200000000000001, 0.03200000000000003, 0.025000000000000022, 0.028000000000000025, 0.027000000000000024, 0.027000000000000024, 0.028000000000000025, 0.029000000000000026, 0.030000000000000027, 0.04399999999999993, 0.03600000000000003, 0.30799999999999994, 0.368, 0.21699999999999997, -0.006000000000000005, -0.0050000000000000044, 0.08499999999999996, -0.031000000000000028, -0.03600000000000003, -0.041000000000000036, -0.026000000000000023, -0.02400000000000002, -0.031000000000000028, -0.02200000000000002, -0.025000000000000022, -0.026000000000000023, -0.025000000000000022, -0.013000000000000012, -0.018000000000000016, -0.020000000000000018, -0.018000000000000016, -0.018000000000000016, -0.027000000000000024, -0.02300000000000002, -0.0040000000000000036, -0.0010000000000000009, -0.01200000000000001, -0.01100000000000001, 0.0020000000000000018, 0.008000000000000007, -0.018000000000000016, 0.0020000000000000018, 0.009000000000000008, 0.01100000000000001, 0.01200000000000001, 0.006000000000000005, 0.0020000000000000018, -0.008000000000000007, -0.007000000000000006, 0.010000000000000009, 0.020000000000000018, 0.013000000000000012, 0.016000000000000014, 0.008000000000000007, 0.01200000000000001, 0.0030000000000000027, 0.26200000000000007, -0.0030000000000000027, -0.0020000000000000018, -0.0020000000000000018, -0.0030000000000000027, 0.0040000000000000036, 0.016000000000000014, 0.010000000000000009, 0.02300000000000002, 0.0020000000000000018, 0.007000000000000006, -0.0010000000000000009, -0.0050000000000000044, -0.006000000000000005, 0.0040000000000000036, -0.0010000000000000009, -0.008000000000000007, -0.026999999999999913, -0.030999999999999917, -0.029999999999999916, -0.019999999999999907, -0.020000000000000018, -0.017000000000000015, -0.029999999999999916, -0.030999999999999917, -0.025000000000000022, -0.02399999999999991, -0.019000000000000017, -0.010999999999999899, -0.010999999999999899, -0.02399999999999991, -0.007999999999999896, -0.013999999999999901, -0.020999999999999908, -0.006999999999999895, -0.0020000000000000018, -0.013999999999999901, 0.0119999999999999, 0.013000000000000012, 0.0010000000000000009, -0.0040000000000000036, -0.010000000000000009, -0.007000000000000006, -0.0020000000000000018, 0.009000000000000008, 0.247, -0.0020000000000000018, -0.0030000000000000027, 0.0010000000000000009, 0.0040000000000000036, -0.006000000000000005, -0.0040000000000000036, -0.0050000000000000044, -0.01100000000000001, -0.01100000000000001, -0.0020000000000000018, -0.02300000000000002, -0.030000000000000027, -0.03600000000000003, -0.03200000000000003, -0.03600000000000003, -0.026000000000000023, -0.016000000000000014, 0.007000000000000006, 0.010000000000000009, 0.0020000000000000018, 0.01200000000000001, 0.007000000000000006, 0.015000000000000013, 0.02300000000000002, 0.0050000000000000044, 0.0010000000000000009, 0.03500000000000003, 0.031000000000000028, 0.05400000000000005, 0.028000000000000025, 0.028000000000000025, 0.031000000000000028, 0.02300000000000002, 0.02300000000000002, 0.04200000000000004, 0.049000000000000044, 0.062000000000000055, 0.014000000000000012, 0.009000000000000008, 0.015000000000000013, 0.01100000000000001, 0.0040000000000000036, 0.0050000000000000044, 0.010000000000000009, 0.29900000000000004, -0.0040000000000000036, -0.0020000000000000018, -0.0020000000000000018, -0.04400000000000004, -0.009000000000000008, -0.006000000000000005, 0.0, -0.009000000000000008, 0.02200000000000002, 0.014000000000000012, 0.01200000000000001, -0.009000000000000008, -0.0020000000000000018, -0.02200000000000002, -0.04200000000000004, -0.008000000000000007, -0.009000000000000008, -0.016000000000000014, -0.040000000000000036, -0.04699999999999993, -0.039999999999999925, -0.014000000000000012, -0.01100000000000001, -0.018000000000000016, -0.013000000000000012, 0.0030000000000000027, -0.008000000000000007, -0.007000000000000006, 0.0020000000000000018, 0.013000000000000012, 0.013000000000000012, -0.0020000000000000018, -0.0030000000000000027, -0.013000000000000012, -0.01100000000000001, -0.019000000000000017, -0.019000000000000017, -0.009000000000000008, -0.020000000000000018, -0.016000000000000014, -0.02400000000000002, -0.016000000000000014, -0.03499999999999992, -0.02300000000000002, -0.010000000000000009, 0.24399999999999994, -0.040000000000000036, -0.0010000000000000009, -0.027999999999999914, 0.016000000000000014, 0.009000000000000008, 0.02200000000000002, 0.02200000000000002, 0.02300000000000002, 0.03200000000000003, 0.016000000000000014, -0.0010000000000000009, -0.0050000000000000044, 0.010000000000000009, 0.0020000000000000018, 0.0010000000000000009, 0.0030000000000000027, -0.0040000000000000036, 0.0030000000000000027, 0.0010000000000000009, 0.009000000000000008, -0.0050000000000000044, 0.009000000000000008, 0.0010000000000000009, -0.008000000000000007, -0.014000000000000012, -0.016000000000000014, -0.0030000000000000027, -0.019000000000000017, -0.0010000000000000009, 0.006000000000000005, 0.0030000000000000027, -0.0050000000000000044, -0.0030000000000000027, 0.01100000000000001, -0.0050000000000000044, -0.0050000000000000044, -0.0010000000000000009, -0.0030000000000000027, -0.0010000000000000009, 0.0, 0.006000000000000005, 0.0020000000000000018, 0.0020000000000000018, 0.348, 0.018000000000000016, 0.009000000000000008, 0.010000000000000009, 0.0050000000000000044, 0.025000000000000022, 0.026000000000000023, 0.0040000000000000036, 0.041000000000000036, 0.008000000000000007, 0.008000000000000007, 0.008000000000000007, 0.04800000000000004, 0.008000000000000007, 0.008000000000000007, 0.02100000000000002, 0.015000000000000013, 0.03300000000000003, 0.014000000000000012, 0.01200000000000001, 0.014000000000000012, 0.014000000000000012, 0.014000000000000012, 0.016000000000000014, 0.016000000000000014, 0.018000000000000016, 0.015000000000000013, 0.026000000000000023, 0.018000000000000016, 0.014000000000000012, 0.02200000000000002, 0.019000000000000017, 0.03299999999999992, 0.02300000000000002, 0.026000000000000023, 0.02400000000000002, 0.020000000000000018, 0.02200000000000002, 0.02300000000000002, 0.019000000000000017, 0.015000000000000013, 0.017000000000000015, 0.030000000000000027, 0.02400000000000002, 0.026000000000000023, -0.138, 0.0010000000000000009, -0.06700000000000006, 0.013000000000000012, -0.06999999999999995, -0.03799999999999992, -0.06400000000000006, -0.02200000000000002, -0.009000000000000008, -0.040000000000000036, -0.08700000000000008, -0.08800000000000008, -0.052000000000000046, -0.02200000000000002, -0.03200000000000003, -0.028000000000000025, 0.02200000000000002, 0.013000000000000012, 0.02300000000000002, -0.02100000000000002, -0.02300000000000002, -0.013000000000000012, -0.008000000000000007, -0.010000000000000009, 0.016000000000000014, 0.02100000000000002, 0.0030000000000000027, 0.014000000000000012, 0.0010000000000000009, 0.009000000000000008, -0.0040000000000000036, 0.01200000000000001, 0.016000000000000014, 0.0020000000000000018, 0.01100000000000001, 0.0, 0.0020000000000000018, -0.0010000000000000009, 0.01200000000000001, 0.01100000000000001, 0.02200000000000002, 0.03400000000000003, 0.02100000000000002, 0.040000000000000036, 0.038000000000000034, 0.11199999999999999, -0.013000000000000012, 0.020000000000000018, -0.025000000000000022, -0.018000000000000016, -0.017999999999999905, 0.0, 0.0010000000000000009, 0.017000000000000015, -0.0030000000000000027, -0.0029999999999998916, -0.014999999999999902, -0.0119999999999999, -0.010999999999999899, -0.007000000000000006, -0.0010000000000000009, -0.007000000000000006, 0.027000000000000024, 0.03400000000000003, 0.025000000000000022, 0.008000000000000007, 0.008000000000000007, 0.006000000000000005, 0.01100000000000001, 0.01200000000000001, 0.0010000000000000009, -0.0010000000000000009, -0.0020000000000000018, -0.013000000000000012, -0.009000000000000008, -0.0010000000000000009, -0.010000000000000009, -0.0050000000000000044, -0.01100000000000001, 0.02300000000000002, 0.014000000000000012, 0.027000000000000024, 0.013000000000000012, -0.0040000000000000036, -0.0010000000000000009, 0.009000000000000008, 0.01100000000000001, 0.013000000000000012, 0.0010000000000000009, 0.016000000000000014, -0.14100000000000001, -0.0040000000000000036, 0.0040000000000000036, 0.014000000000000012, 0.02300000000000002, 0.0020000000000000018, -0.007000000000000006, -0.009000000000000008, -0.006000000000000005, 0.01100000000000001, -0.0050000000000000044, -0.0040000000000000036, 0.0050000000000000044, -0.008000000000000007, -0.019000000000000017, -0.02199999999999991, -0.0030000000000000027, -0.03399999999999992, -0.010000000000000009, -0.007000000000000006, -0.015000000000000013, -0.01200000000000001, -0.017999999999999905, -0.028000000000000025, -0.03300000000000003, -0.03399999999999992, -0.02300000000000002, -0.02100000000000002, -0.027999999999999914, -0.014000000000000012, -0.014000000000000012, -0.0030000000000000027, -0.0010000000000000009, -0.015000000000000013, -0.01200000000000001, -0.013000000000000012, -0.026999999999999913, -0.025999999999999912, 0.02400000000000002, -0.0050000000000000044, 0.013000000000000012, 0.006000000000000005, 0.013000000000000012, 0.02200000000000002, 0.017000000000000015, 0.31400000000000006, 0.0030000000000000027, 0.0040000000000000036, 0.0040000000000000036, -0.0030000000000000027, 0.009000000000000008, 0.0040000000000000036, 0.0030000000000000027, 0.008000000000000007, 0.013000000000000012, 0.02300000000000002, 0.018000000000000016, 0.017000000000000015, 0.02200000000000002, 0.025000000000000022, 0.017000000000000015, 0.016000000000000014, 0.015000000000000013, 0.027000000000000024, 0.007000000000000006, 0.007000000000000006, 0.01100000000000001, -0.008000000000000007, 0.010000000000000009, 0.006000000000000005, 0.015000000000000013, 0.020000000000000018, 0.014000000000000012, 0.013000000000000012, 0.02300000000000002, 0.010000000000000009, 0.008000000000000007, 0.01200000000000001, 0.02100000000000002, 0.020000000000000018, 0.02100000000000002, 0.03200000000000003, 0.02100000000000002, 0.03500000000000003, 0.04300000000000004, 0.03500000000000003, 0.029000000000000026, 0.03200000000000003, 0.03600000000000003, 0.029000000000000026, 0.35200000000000004, 0.32999999999999996, 0.13599999999999995, -0.038000000000000034, -0.007000000000000006, 0.0040000000000000036, -0.010000000000000009, -0.0010000000000000009, -0.009000000000000008, -0.025000000000000022, -0.020000000000000018, 0.0040000000000000036, 0.010000000000000009, 0.0010000000000000009, 0.0010000000000000009, 0.0040000000000000036, -0.006000000000000005, 0.0050000000000000044, 0.013000000000000012, -0.0010000000000000009, 0.0020000000000000018, -0.0010000000000000009, 0.0010000000000000009, 0.0, -0.0020000000000000018, -0.018000000000000016, -0.0040000000000000036, -0.006000000000000005, 0.0020000000000000018, -0.01200000000000001, 0.0040000000000000036, -0.0040000000000000036, 0.008000000000000007, 0.008000000000000007, 0.027000000000000024, -0.019000000000000017, 0.0, 0.0050000000000000044, -0.006000000000000005, 0.0040000000000000036, 0.008000000000000007, 0.008000000000000007, 0.008000000000000007, 0.01100000000000001, 0.014000000000000012, 0.040000000000000036, -0.02200000000000002, 0.0040000000000000036, 0.0020000000000000018, -0.0040000000000000036, -0.014000000000000012, -0.006000000000000005, 0.014000000000000012, -0.0040000000000000036, 0.0020000000000000018, 0.02200000000000002, 0.03200000000000003, -0.007000000000000006, -0.0050000000000000044, -0.0020000000000000018, 0.0030000000000000027, 0.0010000000000000009, -0.0020000000000000018, 0.0020000000000000018, 0.0020000000000000018, 0.02200000000000002, 0.02400000000000002, 0.01200000000000001, 0.0020000000000000018, 0.016000000000000014, 0.006000000000000005, 0.025000000000000022, 0.026000000000000023, 0.0030000000000000027, 0.020000000000000018, 0.016000000000000014, 0.015000000000000013, 0.015000000000000013, 0.007000000000000006, 0.014000000000000012, 0.0020000000000000018, -0.0020000000000000018, 0.0030000000000000027, 0.017000000000000015, 0.019000000000000017, 0.010000000000000009, 0.010000000000000009, 0.015000000000000013, 0.017000000000000015, 0.025000000000000022, -0.124, 0.376, 0.0030000000000000027, 0.0040000000000000036, 0.02400000000000002, 0.007000000000000006, 0.008000000000000007, 0.009000000000000008, 0.008000000000000007, 0.0020000000000000018, 0.014000000000000012, 0.026000000000000023, 0.01100000000000001, 0.03200000000000003, 0.0020000000000000018, 0.006000000000000005, 0.013000000000000012, 0.018000000000000016, 0.018000000000000016, 0.019000000000000017, 0.013000000000000012, 0.016000000000000014, 0.016000000000000014, 0.018000000000000016, 0.02200000000000002, 0.020000000000000018, 0.025000000000000022, 0.029000000000000026, 0.026000000000000023, 0.02200000000000002, 0.019000000000000017, 0.015000000000000013, 0.02100000000000002, 0.016000000000000014, 0.017000000000000015, 0.014000000000000012, 0.013000000000000012, 0.01200000000000001, 0.02100000000000002, 0.007000000000000006, 0.01200000000000001, 0.007000000000000006, 0.016000000000000014, 0.007000000000000006, -0.009000000000000008, 0.31299999999999994, 0.0040000000000000036, 0.008000000000000007, 0.010000000000000009, 0.0030000000000000027, 0.017000000000000015, 0.018000000000000016, 0.007000000000000006, 0.006000000000000005, -0.0030000000000000027, 0.010000000000000009, 0.01100000000000001, 0.006000000000000005, 0.0050000000000000044, 0.008000000000000007, -0.0050000000000000044, -0.01100000000000001, -0.009000000000000008, 0.0010000000000000009, -0.006000000000000005, -0.007000000000000006, -0.0040000000000000036, 0.008000000000000007, 0.0050000000000000044, 0.008000000000000007, -0.0010000000000000009, 0.01100000000000001, -0.0030000000000000027, 0.0, -0.008000000000000007, -0.01100000000000001, -0.009000000000000008, -0.006000000000000005, 0.010000000000000009, 0.010000000000000009, 0.009000000000000008, 0.006000000000000005, 0.014000000000000012, 0.016999999999999904, 0.010000000000000009, 0.0040000000000000036, 0.006000000000000005, 0.007000000000000006, 0.007000000000000006, 0.0050000000000000044, -0.14400000000000002, 0.0030000000000000027, 0.007000000000000006, 0.0030000000000000027, 0.0050000000000000044, 0.0020000000000000018, 0.0, 0.0, 0.0, -0.0010000000000000009, 0.0010000000000000009, 0.0, 0.0010000000000000009, 0.0020000000000000018, 0.0010000000000000009, 0.0020000000000000018, 0.0020000000000000018, -0.0020000000000000018, 0.007000000000000006, 0.013000000000000012, 0.017000000000000015, 0.016000000000000014, -0.0010000000000000009, -0.0040000000000000036, 0.0050000000000000044, 0.0030000000000000027, 0.0020000000000000018, 0.0050000000000000044, -0.0050000000000000044, -0.006000000000000005, -0.0040000000000000036, 0.014000000000000012, 0.014000000000000012, 0.0020000000000000018, 0.007000000000000006, 0.020000000000000018, -0.0010000000000000009, 0.0010000000000000009, 0.0, -0.0030000000000000027, 0.008000000000000007, 0.0050000000000000044, 0.0030000000000000027, -0.0050000000000000044, 0.0030000000000000027, 0.031000000000000028, 0.0040000000000000036, 0.0030000000000000027, 0.0020000000000000018, 0.01100000000000001, 0.0, 0.006000000000000005, 0.0, -0.0020000000000000018, 0.010000000000000009, 0.030000000000000027, 0.010000000000000009, 0.0040000000000000036, 0.0030000000000000027, -0.019000000000000017, -0.015000000000000013, -0.02200000000000002, -0.014000000000000012, -0.01100000000000001, -0.0010000000000000009, 0.010000000000000009, 0.0030000000000000027, 0.019000000000000017, -0.013000000000000012, 0.007000000000000006, -0.0020000000000000018, -0.0020000000000000018, 0.016000000000000014, 0.010000000000000009, 0.010000000000000009, 0.0020000000000000018, 0.016000000000000014, 0.008000000000000007, 0.009000000000000008, -0.0020000000000000018, -0.0050000000000000044, 0.0030000000000000027, 0.0030000000000000027, 0.0030000000000000027, 0.0030000000000000027, 0.01100000000000001, 0.008000000000000007, 0.01200000000000001, -0.0050000000000000044, -0.0050000000000000044, -0.08999999999999997, 0.017000000000000015, -0.0040000000000000036, -0.0040000000000000036, -0.0040000000000000036, -0.0040000000000000036, 0.01200000000000001, -0.006000000000000005, 0.0, -0.0020000000000000018, -0.0050000000000000044, -0.0050000000000000044, -0.007000000000000006, -0.007000000000000006, -0.007000000000000006, -0.006000000000000005, -0.0030000000000000027, 0.0, 0.0010000000000000009, -0.0010000000000000009, 0.0030000000000000027, 0.0030000000000000027, 0.007000000000000006, 0.01200000000000001, 0.0050000000000000044, 0.007000000000000006, 0.0010000000000000009, -0.0010000000000000009, -0.006000000000000005, -0.0030000000000000027, -0.0040000000000000036, -0.0020000000000000018, -0.0030000000000000027, -0.0040000000000000036, -0.006000000000000005, -0.010000000000000009, 0.0010000000000000009, 0.0010000000000000009, -0.008000000000000007, -0.014000000000000012, -0.018000000000000016, -0.02400000000000002, -0.02200000000000002, -0.0030000000000000027, -0.017999999999999905, 0.01200000000000001, 0.0020000000000000018, 0.0010000000000000009, 0.0010000000000000009, -0.0010000000000000009, 0.0020000000000000018, 0.0040000000000000036, 0.014000000000000012, -0.0020000000000000018, 0.008000000000000007, 0.0, 0.0040000000000000036, 0.0030000000000000027, -0.0020000000000000018, 0.0020000000000000018, 0.014000000000000012, 0.0010000000000000009, 0.0050000000000000044, 0.026000000000000023, 0.0040000000000000036, 0.0020000000000000018, 0.007000000000000006, 0.009000000000000008, -0.0020000000000000018, -0.0030000000000000027, 0.0050000000000000044, 0.018000000000000016, 0.02100000000000002, 0.018000000000000016, 0.018000000000000016, 0.02300000000000002, 0.02300000000000002, 0.019000000000000017, 0.0050000000000000044, 0.014000000000000012, 0.027000000000000024, 0.016000000000000014, 0.016000000000000014, 0.006000000000000005, -0.0050000000000000044, -0.0020000000000000018, 0.010000000000000009, 0.007000000000000006, 0.0050000000000000044, 0.009000000000000008]"
avg_sl_acc,"[0.49245 0.6759  0.7325  0.7566  0.7532  0.75815 0.7656  0.769   0.7677
 0.76825 0.76765 0.7709  0.7726  0.7749  0.7748  0.7737  0.7743  0.7749
 0.77485 0.7731  0.7744  0.77545 0.77375 0.7762  0.77685 0.7763  0.7771
 0.7753  0.77685 0.77915 0.78115 0.78205 0.7815  0.78215 0.7839  0.7834
 0.7854  0.78705 0.7877  0.78695 0.7872  0.7873  0.78865 0.7913  0.79135]"
avg_ssl_acc,"[0.63295 0.72955 0.74065 0.75595 0.75555 0.7622  0.7667  0.76815 0.76765
 0.7695  0.7688  0.7691  0.7712  0.77585 0.77305 0.77635 0.77935 0.7741
 0.77795 0.77635 0.77805 0.77835 0.7777  0.7779  0.7795  0.7792  0.77825
 0.77885 0.7783  0.7814  0.7821  0.78335 0.7842  0.7851  0.7877  0.789
 0.7884  0.79015 0.7918  0.79045 0.7896  0.7912  0.79135 0.79405 0.79535]"
avg_ul_acc,"[0.5839  0.5925  0.57625 0.59545 0.58375 0.59765 0.57365 0.59005 0.60105
 0.58945 0.5802  0.5879  0.58355 0.5957  0.60025 0.5752  0.5902  0.58885
 0.58015 0.59955 0.5874  0.58865 0.57795 0.5941  0.58045 0.58205 0.59565
 0.5961  0.57905 0.5834  0.5843  0.5888  0.57525 0.5954  0.6024  0.59185
 0.60575 0.5812  0.601   0.5941  0.57265 0.6071  0.60015 0.5821  0.6123 ]"
avg_st_acc,"[0.5206  0.6636  0.7259  0.75665 0.76135 0.7577  0.7682  0.7675  0.76595
 0.7693  0.76825 0.77045 0.773   0.77845 0.77805 0.78215 0.78005 0.77495
 0.77515 0.77915 0.77895 0.7795  0.77885 0.77955 0.77815 0.7809  0.7772
 0.77425 0.7766  0.77765 0.7788  0.7761  0.77585 0.78105 0.7801  0.78125
 0.783   0.78235 0.78275 0.78455 0.78185 0.7841  0.7829  0.7854  0.7866 ]"
